{"type": "FeatureCollection", "features": [{"type": "Feature", "properties": {"sc": "1", "num_muestra": 1, "codigo_muestra": "1", "tipologia": "B", "etiqueta": "1|B", "etiquetaSC": "1|B", "parroquia": "DR MIGUEL EGAS / PEGUCHE", "circunscripcion": "CIRCUNSCRIPCION RURAL", "canton": "OTAVALO", "sec_anm": "100451002004", "pob_t": 465.0, "v_pres": 109.0, "dens_pob": 1617.95, "bbox": [[-78.234333, 0.250827], [-78.227679, 0.25657]], "centroid": [-78.231186, 0.253825]}, "geometry": {"coordinates": [[[[-78.228006, 0.256456], [-78.228083, 0.254301], [-78.228123, 0.253192], [-78.227695, 0.253173], [-78.227695, 0.25317], [-78.227691, 0.252938], [-78.227679, 0.252298], [-78.227679, 0.252298], [-78.228335, 0.252312], [-78.228404, 0.252331], [-78.228476, 0.252395], [-78.228559, 0.252437], [-78.228669, 0.25244], [-78.228689, 0.25244], [-78.228891, 0.25244], [-78.228903, 0.252439], [-78.228979, 0.252432], [-78.229034, 0.252413], [-78.229067, 0.252395], [-78.229075, 0.252352], [-78.229079, 0.252181], [-78.229082, 0.252136], [-78.229094, 0.252097], [-78.229117, 0.25208], [-78.229364, 0.252064], [-78.229405, 0.252062], [-78.229522, 0.252054], [-78.229523, 0.252054], [-78.229739, 0.25204], [-78.230261, 0.252001], [-78.230304, 0.251997], [-78.230413, 0.251991], [-78.230776, 0.251969], [-78.231114, 0.251976], [-78.231723, 0.251989], [-78.231733, 0.251759], [-78.231734, 0.251494], [-78.231719, 0.251227], [-78.231718, 0.251212], [-78.231716, 0.251189], [-78.231708, 0.25108], [-78.231689, 0.250827], [-78.232072, 0.25086], [-78.23264, 0.250882], [-78.232886, 0.250893], [-78.232921, 0.250897], [-78.232968, 0.250899], [-78.233113, 0.250902], [-78.233281, 0.250905], [-78.233449, 0.250908], [-78.233676, 0.250912], [-78.233922, 0.250917], [-78.234007, 0.250919], [-78.234238, 0.250924], [-78.234333, 0.250926], [-78.234333, 0.250959], [-78.234333, 0.250975], [-78.234332, 0.250985], [-78.234314, 0.251522], [-78.234319, 0.252383], [-78.234296, 0.252434], [-78.234296, 0.253017], [-78.234299, 0.25333], [-78.234298, 0.25335], [-78.234242, 0.254366], [-78.234117, 0.25437], [-78.234066, 0.254371], [-78.233824, 0.254378], [-78.233794, 0.254379], [-78.23377, 0.25438], [-78.233479, 0.254389], [-78.232928, 0.254406], [-78.232534, 0.254419], [-78.231693, 0.2544], [-78.231675, 0.254662], [-78.231653, 0.254986], [-78.231646, 0.25508], [-78.231621, 0.25509], [-78.23161, 0.255097], [-78.231598, 0.25511], [-78.231597, 0.255111], [-78.231597, 0.255111], [-78.231596, 0.255112], [-78.231571, 0.25512], [-78.231563, 0.255127], [-78.231554, 0.255136], [-78.23155, 0.25514], [-78.231545, 0.255146], [-78.231535, 0.255155], [-78.231526, 0.255165], [-78.231516, 0.255174], [-78.231505, 0.255181], [-78.231493, 0.255188], [-78.231482, 0.255195], [-78.23147, 0.2552], [-78.231459, 0.255207], [-78.231447, 0.255214], [-78.231435, 0.255221], [-78.231423, 0.255225], [-78.23141, 0.25523], [-78.231399, 0.255237], [-78.231389, 0.255247], [-78.231381, 0.255257], [-78.231372, 0.255267], [-78.231362, 0.255276], [-78.231351, 0.255284], [-78.23134, 0.255291], [-78.231327, 0.255294], [-78.231314, 0.255297], [-78.231302, 0.255303], [-78.23129, 0.255309], [-78.231278, 0.255317], [-78.231266, 0.255324], [-78.231254, 0.25533], [-78.231242, 0.255335], [-78.231229, 0.255341], [-78.231224, 0.255343], [-78.231217, 0.255345], [-78.231204, 0.25535], [-78.231192, 0.255356], [-78.231181, 0.255364], [-78.231172, 0.255373], [-78.231172, 0.255375], [-78.231169, 0.255386], [-78.231165, 0.255399], [-78.23116, 0.255412], [-78.231155, 0.255425], [-78.231148, 0.255436], [-78.231137, 0.255444], [-78.231125, 0.255449], [-78.231112, 0.255454], [-78.2311, 0.255459], [-78.231088, 0.255466], [-78.231077, 0.255473], [-78.231074, 0.255476], [-78.231053, 0.255502], [-78.231053, 0.255502], [-78.23105, 0.255506], [-78.231042, 0.255514], [-78.231033, 0.255523], [-78.231021, 0.255531], [-78.231009, 0.255536], [-78.230998, 0.255541], [-78.230987, 0.255549], [-78.230975, 0.255556], [-78.230964, 0.255563], [-78.230953, 0.255569], [-78.230942, 0.255576], [-78.230917, 0.255587], [-78.230904, 0.25559], [-78.230891, 0.255594], [-78.230878, 0.255598], [-78.230865, 0.255603], [-78.230853, 0.255608], [-78.230842, 0.255615], [-78.230832, 0.255624], [-78.230823, 0.255634], [-78.230815, 0.255645], [-78.230808, 0.255656], [-78.230801, 0.255667], [-78.230797, 0.255673], [-78.230793, 0.255678], [-78.230782, 0.255685], [-78.230771, 0.255692], [-78.23076, 0.255697], [-78.230749, 0.255702], [-78.230737, 0.255707], [-78.230725, 0.255713], [-78.230713, 0.255718], [-78.230701, 0.255723], [-78.230695, 0.255724], [-78.230685, 0.255726], [-78.230679, 0.255726], [-78.230666, 0.255729], [-78.230666, 0.255729], [-78.230666, 0.255729], [-78.230653, 0.255733], [-78.23064, 0.255736], [-78.230627, 0.25574], [-78.230614, 0.255744], [-78.230605, 0.255748], [-78.230602, 0.25575], [-78.230591, 0.255757], [-78.230588, 0.25576], [-78.230581, 0.255766], [-78.230569, 0.255772], [-78.230557, 0.255777], [-78.230545, 0.255782], [-78.230533, 0.255788], [-78.230522, 0.255795], [-78.23051, 0.255802], [-78.230499, 0.255809], [-78.230487, 0.255815], [-78.230476, 0.255822], [-78.230464, 0.25583], [-78.230454, 0.255835], [-78.230442, 0.255841], [-78.23043, 0.255847], [-78.230418, 0.255853], [-78.230406, 0.255859], [-78.230391, 0.255865], [-78.230379, 0.255871], [-78.230368, 0.255879], [-78.230357, 0.255887], [-78.230346, 0.255894], [-78.230331, 0.2559], [-78.230319, 0.2559], [-78.230306, 0.255902], [-78.230293, 0.255903], [-78.230279, 0.255904], [-78.230266, 0.255904], [-78.230252, 0.255904], [-78.230239, 0.255905], [-78.230225, 0.255905], [-78.230212, 0.255907], [-78.230199, 0.255909], [-78.230186, 0.25591], [-78.230172, 0.255911], [-78.230159, 0.255912], [-78.230146, 0.255915], [-78.230127, 0.255916], [-78.230115, 0.255918], [-78.230101, 0.25592], [-78.230088, 0.255922], [-78.230075, 0.255924], [-78.230062, 0.255924], [-78.230049, 0.255926], [-78.230036, 0.255928], [-78.230023, 0.25593], [-78.230009, 0.255933], [-78.229996, 0.255936], [-78.229983, 0.255938], [-78.22997, 0.25594], [-78.229957, 0.255943], [-78.229943, 0.255945], [-78.22993, 0.255946], [-78.229917, 0.255947], [-78.229904, 0.255949], [-78.229891, 0.255952], [-78.229878, 0.255956], [-78.229865, 0.255959], [-78.229852, 0.255962], [-78.229839, 0.255963], [-78.229827, 0.255969], [-78.229805, 0.25597], [-78.229792, 0.255971], [-78.229786, 0.255971], [-78.229779, 0.255971], [-78.229765, 0.255972], [-78.229752, 0.255974], [-78.229739, 0.255977], [-78.229727, 0.255981], [-78.229714, 0.255987], [-78.229708, 0.25599], [-78.229702, 0.255993], [-78.22969, 0.255998], [-78.229678, 0.256003], [-78.229665, 0.256008], [-78.229652, 0.25601], [-78.229638, 0.256012], [-78.229625, 0.256012], [-78.229613, 0.256013], [-78.2296, 0.256017], [-78.229583, 0.256018], [-78.22957, 0.256021], [-78.229557, 0.256026], [-78.229544, 0.256029], [-78.229544, 0.256029], [-78.229544, 0.25603], [-78.229532, 0.256035], [-78.229519, 0.25604], [-78.229507, 0.256045], [-78.229495, 0.256051], [-78.229484, 0.256058], [-78.229472, 0.256064], [-78.229459, 0.256069], [-78.229447, 0.256074], [-78.229434, 0.256077], [-78.229421, 0.256083], [-78.229409, 0.256087], [-78.229396, 0.256091], [-78.229383, 0.256096], [-78.229371, 0.256101], [-78.229359, 0.256106], [-78.229347, 0.256109], [-78.229334, 0.256113], [-78.229321, 0.256117], [-78.229308, 0.25612], [-78.229295, 0.256124], [-78.229282, 0.256128], [-78.229269, 0.256132], [-78.229256, 0.256135], [-78.229243, 0.256138], [-78.22923, 0.25614], [-78.229217, 0.256145], [-78.229205, 0.256151], [-78.229194, 0.256158], [-78.229183, 0.256166], [-78.229173, 0.256174], [-78.229162, 0.256182], [-78.229151, 0.25619], [-78.229141, 0.256199], [-78.22913, 0.256206], [-78.229119, 0.256214], [-78.229109, 0.256223], [-78.229098, 0.25623], [-78.229087, 0.256238], [-78.229076, 0.256246], [-78.229065, 0.256254], [-78.229046, 0.256262], [-78.229034, 0.256268], [-78.229023, 0.256275], [-78.229011, 0.256279], [-78.228999, 0.256285], [-78.228987, 0.256292], [-78.228975, 0.256299], [-78.228963, 0.256305], [-78.228951, 0.25631], [-78.22894, 0.256317], [-78.228929, 0.256325], [-78.228917, 0.256331], [-78.228905, 0.256337], [-78.228894, 0.256344], [-78.228883, 0.256351], [-78.228871, 0.256358], [-78.228851, 0.256365], [-78.228847, 0.256368], [-78.228836, 0.256376], [-78.228823, 0.256381], [-78.22881, 0.256385], [-78.228798, 0.256389], [-78.228785, 0.256394], [-78.228773, 0.256399], [-78.228761, 0.256405], [-78.228748, 0.256408], [-78.228736, 0.256414], [-78.228724, 0.25642], [-78.228712, 0.256426], [-78.228699, 0.25643], [-78.228686, 0.256434], [-78.228674, 0.256439], [-78.228661, 0.256444], [-78.228649, 0.256449], [-78.228636, 0.256452], [-78.228622, 0.256453], [-78.228609, 0.256453], [-78.228596, 0.256453], [-78.228582, 0.256453], [-78.228569, 0.256454], [-78.228546, 0.256454], [-78.22854, 0.256456], [-78.228527, 0.256458], [-78.228514, 0.25646], [-78.228501, 0.256462], [-78.228489, 0.256469], [-78.228478, 0.256477], [-78.228469, 0.256487], [-78.228463, 0.256499], [-78.228453, 0.256508], [-78.22844, 0.256513], [-78.228427, 0.256515], [-78.228414, 0.256516], [-78.228401, 0.256518], [-78.228388, 0.256522], [-78.228375, 0.256526], [-78.228362, 0.256531], [-78.22835, 0.256536], [-78.228337, 0.25654], [-78.228325, 0.256545], [-78.228312, 0.25655], [-78.2283, 0.256555], [-78.228287, 0.256559], [-78.228274, 0.256562], [-78.228261, 0.256565], [-78.228247, 0.256568], [-78.228239, 0.256568], [-78.228226, 0.256568], [-78.228213, 0.256568], [-78.2282, 0.256569], [-78.228186, 0.256569], [-78.228173, 0.25657], [-78.22816, 0.25657], [-78.228147, 0.256569], [-78.228133, 0.256569], [-78.228121, 0.256564], [-78.228108, 0.256559], [-78.228098, 0.256551], [-78.228089, 0.256541], [-78.228081, 0.25653], [-78.228071, 0.25652], [-78.22806, 0.256512], [-78.228049, 0.256505], [-78.228038, 0.256498], [-78.228031, 0.256492], [-78.228028, 0.256489], [-78.228019, 0.256479], [-78.228005, 0.25647], [-78.228006, 0.256456]]]], "type": "MultiPolygon"}}, {"type": "Feature", "properties": {"sc": "2", "num_muestra": 2, "codigo_muestra": "2", "tipologia": "E", "etiqueta": "2|E", "etiquetaSC": "2|E", "parroquia": "DR MIGUEL EGAS / PEGUCHE", "circunscripcion": "CIRCUNSCRIPCION RURAL", "canton": "OTAVALO", "sec_anm": "100451001007", "pob_t": 328.0, "v_pres": 80.0, "dens_pob": 3740.02, "bbox": [[-78.243722, 0.247483], [-78.240163, 0.250794]], "centroid": [-78.241642, 0.249134]}, "geometry": {"coordinates": [[[[-78.241791, 0.250155], [-78.241735, 0.250123], [-78.241704, 0.250127], [-78.241633, 0.25015], [-78.241611, 0.250163], [-78.241588, 0.250176], [-78.241569, 0.25019], [-78.241543, 0.250189], [-78.24134, 0.250183], [-78.241313, 0.250182], [-78.241356, 0.250101], [-78.241364, 0.250083], [-78.241397, 0.250007], [-78.241402, 0.249942], [-78.2414, 0.249857], [-78.241398, 0.249833], [-78.24139, 0.249776], [-78.24138, 0.24958], [-78.241371, 0.249403], [-78.24137, 0.249294], [-78.241382, 0.249232], [-78.241379, 0.249232], [-78.24137, 0.249232], [-78.241322, 0.249229], [-78.241274, 0.249231], [-78.241173, 0.249235], [-78.241147, 0.249235], [-78.240962, 0.249241], [-78.24088, 0.249243], [-78.24085, 0.249244], [-78.240785, 0.249245], [-78.24073, 0.249247], [-78.240729, 0.249248], [-78.240258, 0.249255], [-78.240242, 0.249255], [-78.240223, 0.249255], [-78.240193, 0.249255], [-78.240183, 0.249256], [-78.240163, 0.249256], [-78.240175, 0.249162], [-78.240201, 0.248973], [-78.240199, 0.248911], [-78.240194, 0.248573], [-78.240184, 0.248186], [-78.240179, 0.247933], [-78.240177, 0.247848], [-78.240178, 0.247795], [-78.240189, 0.247758], [-78.240242, 0.247759], [-78.240406, 0.247762], [-78.2406, 0.247766], [-78.240815, 0.247771], [-78.240822, 0.247768], [-78.240833, 0.247748], [-78.240873, 0.247738], [-78.240881, 0.247736], [-78.24112, 0.247689], [-78.241267, 0.247662], [-78.241408, 0.24764], [-78.241506, 0.247623], [-78.241615, 0.247616], [-78.24174, 0.247605], [-78.241851, 0.247598], [-78.242079, 0.247577], [-78.24208, 0.247577], [-78.24213, 0.247574], [-78.242134, 0.247573], [-78.242891, 0.247483], [-78.242899, 0.247619], [-78.242901, 0.247655], [-78.242903, 0.247691], [-78.242904, 0.247705], [-78.242905, 0.247725], [-78.242906, 0.247749], [-78.242906, 0.247764], [-78.242913, 0.247845], [-78.242913, 0.247848], [-78.242914, 0.247851], [-78.242917, 0.247888], [-78.242917, 0.24789], [-78.242921, 0.247925], [-78.242926, 0.247974], [-78.242931, 0.248027], [-78.242932, 0.248033], [-78.242937, 0.248076], [-78.242946, 0.248153], [-78.242959, 0.248264], [-78.242965, 0.248311], [-78.24298, 0.24844], [-78.242987, 0.248502], [-78.242988, 0.248509], [-78.242996, 0.248585], [-78.243017, 0.24872], [-78.243024, 0.248766], [-78.243051, 0.248904], [-78.243054, 0.24892], [-78.243059, 0.248941], [-78.243068, 0.248979], [-78.243068, 0.248981], [-78.243071, 0.248994], [-78.243078, 0.249025], [-78.243084, 0.249049], [-78.243089, 0.24907], [-78.243098, 0.249106], [-78.243128, 0.249232], [-78.243131, 0.249243], [-78.243132, 0.249247], [-78.243163, 0.249373], [-78.243163, 0.249373], [-78.243164, 0.249375], [-78.243165, 0.24938], [-78.243219, 0.24949], [-78.243255, 0.249534], [-78.243277, 0.24956], [-78.243291, 0.249572], [-78.243327, 0.249601], [-78.243344, 0.249613], [-78.243372, 0.249634], [-78.243412, 0.249664], [-78.243445, 0.249721], [-78.243449, 0.249729], [-78.243451, 0.249733], [-78.243483, 0.2498], [-78.243531, 0.249906], [-78.24357, 0.25], [-78.243605, 0.250079], [-78.243615, 0.250101], [-78.243631, 0.250131], [-78.243635, 0.250137], [-78.243638, 0.250145], [-78.243639, 0.250148], [-78.243639, 0.250149], [-78.243648, 0.250176], [-78.24365, 0.25018], [-78.243652, 0.250186], [-78.243669, 0.25022], [-78.243669, 0.25022], [-78.24367, 0.250223], [-78.24367, 0.250223], [-78.243679, 0.250242], [-78.243687, 0.250257], [-78.243697, 0.250288], [-78.243705, 0.250311], [-78.243708, 0.250322], [-78.243722, 0.250371], [-78.243075, 0.250539], [-78.243073, 0.25054], [-78.242951, 0.250572], [-78.242947, 0.250573], [-78.242944, 0.250574], [-78.242923, 0.25058], [-78.242788, 0.250618], [-78.242785, 0.250618], [-78.242784, 0.250619], [-78.242482, 0.250697], [-78.242472, 0.250699], [-78.242417, 0.250713], [-78.242338, 0.250737], [-78.242335, 0.250738], [-78.242242, 0.250764], [-78.242164, 0.250787], [-78.242139, 0.250794], [-78.242137, 0.250794], [-78.241953, 0.250481], [-78.241881, 0.25035], [-78.241827, 0.250202], [-78.241791, 0.250155]]]], "type": "MultiPolygon"}}, {"type": "Feature", "properties": {"sc": "3", "num_muestra": 3, "codigo_muestra": "3", "tipologia": "F", "etiqueta": "3|F", "etiquetaSC": "3|F", "parroquia": "DR MIGUEL EGAS / PEGUCHE", "circunscripcion": "CIRCUNSCRIPCION RURAL", "canton": "OTAVALO", "sec_anm": "100451001004", "pob_t": 396.0, "v_pres": 97.0, "dens_pob": 3771.43, "bbox": [[-78.249629, 0.244834], [-78.245962, 0.249238]], "centroid": [-78.247669, 0.247028]}, "geometry": {"coordinates": [[[[-78.247225, 0.24856], [-78.247188, 0.248486], [-78.247187, 0.248485], [-78.24714, 0.2484], [-78.247122, 0.248366], [-78.247108, 0.248348], [-78.247096, 0.248331], [-78.247089, 0.248321], [-78.247088, 0.248319], [-78.247079, 0.248308], [-78.247076, 0.248304], [-78.247075, 0.248306], [-78.247069, 0.248314], [-78.247062, 0.248322], [-78.247055, 0.248328], [-78.24704, 0.24834], [-78.247005, 0.248361], [-78.246983, 0.248371], [-78.246879, 0.248422], [-78.246869, 0.248427], [-78.246868, 0.248427], [-78.246811, 0.248454], [-78.246786, 0.248467], [-78.246752, 0.248485], [-78.246745, 0.248488], [-78.246745, 0.248488], [-78.246738, 0.248492], [-78.24672, 0.248502], [-78.246705, 0.24851], [-78.246633, 0.248548], [-78.246532, 0.2486], [-78.246447, 0.248643], [-78.246392, 0.24867], [-78.246385, 0.248673], [-78.246374, 0.248679], [-78.246365, 0.248683], [-78.246307, 0.24871], [-78.246203, 0.248752], [-78.246056, 0.248809], [-78.246035, 0.248815], [-78.246028, 0.248818], [-78.246021, 0.24882], [-78.246013, 0.248822], [-78.245966, 0.248837], [-78.245962, 0.248838], [-78.245962, 0.248836], [-78.245962, 0.248826], [-78.245962, 0.248825], [-78.245963, 0.248823], [-78.245963, 0.248812], [-78.245963, 0.248807], [-78.245964, 0.2488], [-78.245965, 0.248787], [-78.245966, 0.248762], [-78.245966, 0.248761], [-78.245967, 0.248745], [-78.245967, 0.248741], [-78.245967, 0.248738], [-78.245968, 0.248728], [-78.245968, 0.248724], [-78.245969, 0.2487], [-78.24597, 0.248699], [-78.24597, 0.248686], [-78.24597, 0.248684], [-78.245977, 0.248584], [-78.245982, 0.248518], [-78.245982, 0.248515], [-78.245982, 0.24851], [-78.245983, 0.248509], [-78.245985, 0.248473], [-78.245997, 0.248356], [-78.245998, 0.248347], [-78.246007, 0.248276], [-78.246012, 0.248239], [-78.246015, 0.248217], [-78.246015, 0.248217], [-78.246016, 0.24821], [-78.246021, 0.248174], [-78.246022, 0.248172], [-78.246025, 0.248153], [-78.246025, 0.248149], [-78.246026, 0.248144], [-78.246032, 0.248109], [-78.246032, 0.248106], [-78.246033, 0.248102], [-78.246035, 0.248091], [-78.246042, 0.248056], [-78.246044, 0.248043], [-78.246051, 0.248009], [-78.246057, 0.247984], [-78.246068, 0.247948], [-78.24607, 0.247941], [-78.246073, 0.24793], [-78.246079, 0.247913], [-78.246079, 0.247912], [-78.24608, 0.247909], [-78.24608, 0.247909], [-78.246081, 0.247905], [-78.246082, 0.247903], [-78.246083, 0.247899], [-78.246089, 0.247881], [-78.246089, 0.247879], [-78.24609, 0.247877], [-78.24609, 0.247875], [-78.24609, 0.247875], [-78.246092, 0.247868], [-78.246092, 0.247868], [-78.246098, 0.247851], [-78.246104, 0.247835], [-78.246104, 0.247835], [-78.246117, 0.247796], [-78.246118, 0.247792], [-78.246118, 0.247792], [-78.246118, 0.247791], [-78.246118, 0.247791], [-78.246119, 0.24779], [-78.246119, 0.24779], [-78.246119, 0.24779], [-78.246119, 0.24779], [-78.246119, 0.24779], [-78.246119, 0.24779], [-78.246119, 0.247789], [-78.246119, 0.247788], [-78.246119, 0.247788], [-78.246119, 0.247788], [-78.246119, 0.247788], [-78.246119, 0.247788], [-78.246119, 0.247788], [-78.246119, 0.247788], [-78.24612, 0.247788], [-78.24612, 0.247787], [-78.24612, 0.247787], [-78.24612, 0.247787], [-78.24612, 0.247787], [-78.24612, 0.247787], [-78.24612, 0.247786], [-78.24612, 0.247786], [-78.24612, 0.247786], [-78.24612, 0.247785], [-78.246121, 0.247782], [-78.246125, 0.24777], [-78.246129, 0.247758], [-78.246131, 0.247752], [-78.246132, 0.247746], [-78.246133, 0.247743], [-78.246134, 0.247743], [-78.246134, 0.247742], [-78.246134, 0.24774], [-78.246138, 0.24773], [-78.246143, 0.247712], [-78.246153, 0.247682], [-78.246153, 0.247681], [-78.246154, 0.247679], [-78.246158, 0.247666], [-78.246164, 0.24765], [-78.24617, 0.247635], [-78.246172, 0.24763], [-78.246175, 0.247621], [-78.246175, 0.247621], [-78.246193, 0.247574], [-78.246208, 0.247532], [-78.246213, 0.247519], [-78.246224, 0.247487], [-78.246226, 0.247483], [-78.246229, 0.247475], [-78.246229, 0.247474], [-78.246235, 0.247459], [-78.246244, 0.247433], [-78.246245, 0.24743], [-78.246256, 0.247404], [-78.246267, 0.247377], [-78.246287, 0.247328], [-78.246316, 0.247258], [-78.246344, 0.24719], [-78.246365, 0.24714], [-78.246372, 0.247124], [-78.246379, 0.247106], [-78.246384, 0.247093], [-78.246394, 0.247063], [-78.246493, 0.246753], [-78.24654, 0.24656], [-78.246581, 0.246389], [-78.246589, 0.246389], [-78.246598, 0.246388], [-78.246607, 0.246389], [-78.246616, 0.246391], [-78.246625, 0.246391], [-78.246634, 0.246391], [-78.246643, 0.246391], [-78.246651, 0.246388], [-78.24666, 0.246385], [-78.246668, 0.246381], [-78.246674, 0.246376], [-78.246681, 0.24637], [-78.246687, 0.246366], [-78.246688, 0.246364], [-78.246696, 0.246359], [-78.246704, 0.246356], [-78.246709, 0.246354], [-78.246712, 0.246353], [-78.24672, 0.246348], [-78.246726, 0.246342], [-78.246733, 0.246337], [-78.246741, 0.246333], [-78.24675, 0.246334], [-78.246759, 0.246335], [-78.246768, 0.246333], [-78.246776, 0.246329], [-78.246782, 0.246325], [-78.246783, 0.246324], [-78.24679, 0.246318], [-78.246796, 0.246311], [-78.246798, 0.246308], [-78.246801, 0.246304], [-78.246808, 0.246299], [-78.246814, 0.246293], [-78.246819, 0.246286], [-78.246824, 0.246279], [-78.246828, 0.246271], [-78.24683, 0.246264], [-78.246864, 0.246206], [-78.246871, 0.246145], [-78.246869, 0.246126], [-78.246867, 0.246106], [-78.24688, 0.246075], [-78.246899, 0.246041], [-78.246921, 0.246034], [-78.246939, 0.24604], [-78.24697, 0.246052], [-78.246986, 0.246062], [-78.246998, 0.246069], [-78.247028, 0.246071], [-78.247099, 0.24604], [-78.247117, 0.246001], [-78.24712, 0.245891], [-78.247113, 0.245809], [-78.247171, 0.245717], [-78.247241, 0.245679], [-78.247363, 0.245668], [-78.247476, 0.24568], [-78.247558, 0.245681], [-78.247634, 0.245649], [-78.247708, 0.245596], [-78.247765, 0.245555], [-78.247766, 0.245552], [-78.247775, 0.245542], [-78.247785, 0.245529], [-78.247804, 0.245476], [-78.247859, 0.245343], [-78.247897, 0.24527], [-78.247946, 0.245242], [-78.247947, 0.245241], [-78.247953, 0.245234], [-78.24796, 0.245229], [-78.247968, 0.245225], [-78.247976, 0.24522], [-78.247979, 0.245218], [-78.247984, 0.245216], [-78.247991, 0.245211], [-78.248, 0.245208], [-78.248008, 0.245206], [-78.248017, 0.245202], [-78.248026, 0.245201], [-78.248035, 0.2452], [-78.248043, 0.245199], [-78.248043, 0.245198], [-78.248043, 0.245198], [-78.248052, 0.245195], [-78.24806, 0.245192], [-78.248067, 0.245186], [-78.248075, 0.245182], [-78.248083, 0.245178], [-78.248092, 0.245176], [-78.248101, 0.245177], [-78.248109, 0.245179], [-78.248118, 0.24518], [-78.248123, 0.245179], [-78.248127, 0.245178], [-78.248135, 0.245175], [-78.248143, 0.24517], [-78.248149, 0.245164], [-78.24815, 0.245163], [-78.248156, 0.24515], [-78.248164, 0.245147], [-78.248173, 0.245145], [-78.248182, 0.245144], [-78.248189, 0.245144], [-78.248191, 0.245144], [-78.2482, 0.245143], [-78.248208, 0.24514], [-78.248216, 0.245136], [-78.248223, 0.24513], [-78.248231, 0.245126], [-78.248239, 0.245121], [-78.248246, 0.245117], [-78.248253, 0.245111], [-78.248259, 0.245104], [-78.248264, 0.245096], [-78.248268, 0.245088], [-78.248276, 0.245084], [-78.248284, 0.24508], [-78.248292, 0.245075], [-78.248302, 0.245069], [-78.24831, 0.245067], [-78.248318, 0.245063], [-78.248324, 0.245056], [-78.248329, 0.245049], [-78.248332, 0.24504], [-78.248334, 0.245032], [-78.248339, 0.245024], [-78.248341, 0.245021], [-78.248344, 0.245016], [-78.248352, 0.245011], [-78.248359, 0.245007], [-78.248366, 0.245001], [-78.248374, 0.244997], [-78.248381, 0.244994], [-78.248389, 0.244989], [-78.248396, 0.244985], [-78.2484, 0.244977], [-78.248406, 0.24497], [-78.248413, 0.244965], [-78.248418, 0.244958], [-78.248425, 0.244952], [-78.24843, 0.244949], [-78.248433, 0.244948], [-78.248441, 0.244944], [-78.248447, 0.244943], [-78.24845, 0.244942], [-78.248459, 0.244941], [-78.248466, 0.244941], [-78.248468, 0.244941], [-78.248477, 0.244943], [-78.248478, 0.244944], [-78.248484, 0.244947], [-78.248493, 0.24495], [-78.248502, 0.244951], [-78.24851, 0.244948], [-78.248519, 0.244945], [-78.248528, 0.244945], [-78.248536, 0.244947], [-78.248545, 0.244949], [-78.248554, 0.244949], [-78.248563, 0.244949], [-78.248572, 0.244949], [-78.248581, 0.24495], [-78.248589, 0.244953], [-78.248598, 0.244954], [-78.248607, 0.244954], [-78.248616, 0.244954], [-78.248625, 0.244951], [-78.248633, 0.244947], [-78.24864, 0.244942], [-78.248648, 0.244938], [-78.248654, 0.244931], [-78.248661, 0.244925], [-78.248666, 0.244918], [-78.248672, 0.244911], [-78.248677, 0.244903], [-78.248679, 0.2449], [-78.24868, 0.244895], [-78.248685, 0.244887], [-78.248688, 0.244883], [-78.248699, 0.24488], [-78.248699, 0.24488], [-78.248706, 0.244875], [-78.248715, 0.244871], [-78.248722, 0.244868], [-78.248723, 0.244868], [-78.248729, 0.244862], [-78.248734, 0.244855], [-78.248738, 0.244846], [-78.248741, 0.244838], [-78.248743, 0.244834], [-78.248783, 0.244862], [-78.248896, 0.244939], [-78.24913, 0.245099], [-78.249172, 0.24513], [-78.249332, 0.245245], [-78.249536, 0.245372], [-78.249617, 0.245429], [-78.249629, 0.245437], [-78.24948, 0.24566], [-78.249353, 0.245844], [-78.249256, 0.245977], [-78.249216, 0.246026], [-78.249148, 0.246089], [-78.249075, 0.24613], [-78.24901, 0.246176], [-78.248964, 0.246221], [-78.248908, 0.246307], [-78.248894, 0.24638], [-78.248898, 0.246383], [-78.248899, 0.246383], [-78.248924, 0.246398], [-78.248963, 0.24642], [-78.249037, 0.246463], [-78.249123, 0.246513], [-78.249188, 0.246551], [-78.249283, 0.246604], [-78.249299, 0.246617], [-78.249309, 0.246625], [-78.249325, 0.246638], [-78.249335, 0.246645], [-78.249333, 0.246646], [-78.249304, 0.246673], [-78.249302, 0.246675], [-78.249249, 0.246723], [-78.249233, 0.246738], [-78.249084, 0.246876], [-78.249066, 0.246894], [-78.249066, 0.246894], [-78.249054, 0.246906], [-78.249029, 0.246932], [-78.249005, 0.246955], [-78.248982, 0.246978], [-78.248968, 0.246993], [-78.248877, 0.247086], [-78.248792, 0.247152], [-78.248682, 0.247231], [-78.248663, 0.247245], [-78.248591, 0.247299], [-78.248575, 0.247311], [-78.248539, 0.24734], [-78.248539, 0.24734], [-78.248525, 0.247352], [-78.248525, 0.247352], [-78.248453, 0.247411], [-78.248445, 0.247418], [-78.248381, 0.247475], [-78.248356, 0.247498], [-78.248327, 0.247523], [-78.248246, 0.247595], [-78.248242, 0.247598], [-78.248211, 0.247622], [-78.248209, 0.247623], [-78.248218, 0.247634], [-78.248239, 0.247659], [-78.248253, 0.247675], [-78.248283, 0.24772], [-78.248336, 0.247795], [-78.248369, 0.247848], [-78.248406, 0.247908], [-78.248462, 0.247997], [-78.248505, 0.248064], [-78.248554, 0.248135], [-78.248587, 0.248188], [-78.248614, 0.248233], [-78.248624, 0.248251], [-78.248654, 0.248301], [-78.248684, 0.248349], [-78.248703, 0.24838], [-78.248719, 0.248407], [-78.248721, 0.248411], [-78.248733, 0.248438], [-78.248735, 0.248461], [-78.248734, 0.248476], [-78.248733, 0.24848], [-78.248731, 0.248486], [-78.24873, 0.248489], [-78.248726, 0.248501], [-78.248711, 0.248518], [-78.24871, 0.248519], [-78.248695, 0.248533], [-78.248691, 0.248538], [-78.248691, 0.248537], [-78.24868, 0.248549], [-78.248638, 0.248592], [-78.248608, 0.248623], [-78.248584, 0.248643], [-78.248575, 0.248652], [-78.248533, 0.248689], [-78.248513, 0.248707], [-78.248502, 0.248716], [-78.24845, 0.24876], [-78.248399, 0.248803], [-78.248393, 0.248809], [-78.248276, 0.248902], [-78.248255, 0.248919], [-78.24819, 0.24897], [-78.248104, 0.249034], [-78.248096, 0.249039], [-78.248031, 0.249074], [-78.247987, 0.249093], [-78.247966, 0.249101], [-78.247933, 0.249114], [-78.24788, 0.249127], [-78.247836, 0.249146], [-78.247793, 0.249168], [-78.247781, 0.249174], [-78.247727, 0.249204], [-78.247658, 0.249226], [-78.247651, 0.249227], [-78.247628, 0.249231], [-78.247597, 0.249236], [-78.247586, 0.249238], [-78.247548, 0.249165], [-78.247525, 0.249121], [-78.247508, 0.249089], [-78.247497, 0.24907], [-78.247454, 0.248991], [-78.247361, 0.248821], [-78.247342, 0.248786], [-78.247339, 0.24878], [-78.247338, 0.248778], [-78.247338, 0.248778], [-78.247309, 0.248721], [-78.247281, 0.248668], [-78.247268, 0.248643], [-78.247266, 0.24864], [-78.247239, 0.248586], [-78.247225, 0.24856]]]], "type": "MultiPolygon"}}, {"type": "Feature", "properties": {"sc": "4", "num_muestra": 4, "codigo_muestra": "4", "tipologia": "H", "etiqueta": "4|H", "etiquetaSC": "4|H", "parroquia": "EUGENIO ESPEJO", "circunscripcion": "CIRCUNSCRIPCION RURAL", "canton": "OTAVALO", "sec_anm": "100452001003", "pob_t": 305.0, "v_pres": 69.0, "dens_pob": 3025.79, "bbox": [[-78.243662, 0.215635], [-78.23898, 0.21909]], "centroid": [-78.241864, 0.217362]}, "geometry": {"coordinates": [[[[-78.23898, 0.216009], [-78.23898, 0.216008], [-78.238981, 0.216006], [-78.238987, 0.215995], [-78.239007, 0.215963], [-78.23902, 0.21594], [-78.239053, 0.215914], [-78.23906, 0.215909], [-78.239225, 0.215791], [-78.239264, 0.215764], [-78.239281, 0.215752], [-78.239313, 0.215729], [-78.239415, 0.215657], [-78.239437, 0.215642], [-78.239442, 0.215638], [-78.239446, 0.215635], [-78.239652, 0.215752], [-78.239706, 0.215783], [-78.239723, 0.215792], [-78.239852, 0.215857], [-78.239882, 0.215872], [-78.240032, 0.215948], [-78.240037, 0.215968], [-78.240039, 0.215994], [-78.240041, 0.216027], [-78.24006, 0.216074], [-78.240085, 0.216094], [-78.240144, 0.216111], [-78.24063, 0.216248], [-78.240842, 0.216308], [-78.240886, 0.216206], [-78.240932, 0.216109], [-78.240969, 0.216025], [-78.240985, 0.215987], [-78.240993, 0.215967], [-78.240995, 0.215964], [-78.240997, 0.21596], [-78.241185, 0.21606], [-78.241237, 0.216089], [-78.241328, 0.21614], [-78.241457, 0.216215], [-78.241495, 0.216237], [-78.241505, 0.216244], [-78.241513, 0.216253], [-78.241519, 0.216263], [-78.241524, 0.216274], [-78.241521, 0.216302], [-78.241525, 0.21631], [-78.241529, 0.216315], [-78.241534, 0.21632], [-78.241538, 0.216324], [-78.241546, 0.216332], [-78.241553, 0.216336], [-78.241561, 0.216341], [-78.241576, 0.21635], [-78.241595, 0.216361], [-78.241698, 0.216418], [-78.241786, 0.216469], [-78.241828, 0.216492], [-78.241896, 0.216529], [-78.24197, 0.21657], [-78.242037, 0.216607], [-78.242136, 0.216661], [-78.242278, 0.216744], [-78.242406, 0.216815], [-78.242423, 0.216825], [-78.242499, 0.216869], [-78.242527, 0.216885], [-78.24262, 0.21693], [-78.24264, 0.216938], [-78.242645, 0.21694], [-78.242667, 0.216949], [-78.242689, 0.216958], [-78.242701, 0.216976], [-78.242726, 0.216993], [-78.242916, 0.217123], [-78.243141, 0.217245], [-78.243273, 0.217317], [-78.243411, 0.217393], [-78.243545, 0.217461], [-78.243605, 0.217489], [-78.24364, 0.217505], [-78.243662, 0.217517], [-78.243491, 0.217832], [-78.243286, 0.218189], [-78.243562, 0.218313], [-78.243575, 0.218336], [-78.243575, 0.218361], [-78.243557, 0.218471], [-78.243522, 0.218621], [-78.243501, 0.21869], [-78.243482, 0.218739], [-78.243482, 0.218742], [-78.243478, 0.218741], [-78.243476, 0.218741], [-78.243381, 0.218723], [-78.243229, 0.218694], [-78.243187, 0.218685], [-78.243112, 0.218668], [-78.242979, 0.218635], [-78.242909, 0.218614], [-78.242809, 0.218585], [-78.242637, 0.218538], [-78.242542, 0.21851], [-78.242523, 0.218504], [-78.24248, 0.218491], [-78.242447, 0.218574], [-78.242342, 0.218925], [-78.242336, 0.218995], [-78.242336, 0.219008], [-78.242334, 0.219086], [-78.242334, 0.21909], [-78.242051, 0.219068], [-78.241905, 0.219048], [-78.241759, 0.219024], [-78.241745, 0.219022], [-78.241724, 0.219018], [-78.241723, 0.219018], [-78.241721, 0.219018], [-78.24172, 0.219018], [-78.241719, 0.219018], [-78.241711, 0.219016], [-78.241709, 0.219016], [-78.24169, 0.219013], [-78.24168, 0.219011], [-78.241519, 0.218985], [-78.241427, 0.218971], [-78.241255, 0.218946], [-78.240921, 0.218895], [-78.240679, 0.218855], [-78.240251, 0.218761], [-78.240252, 0.218756], [-78.240319, 0.218428], [-78.240323, 0.218408], [-78.24036, 0.218227], [-78.240364, 0.21821], [-78.240368, 0.218191], [-78.240371, 0.218177], [-78.240378, 0.218145], [-78.240383, 0.218124], [-78.240391, 0.218088], [-78.240401, 0.218047], [-78.240407, 0.218019], [-78.240414, 0.217991], [-78.240418, 0.217972], [-78.240436, 0.217892], [-78.240459, 0.217773], [-78.24047, 0.217727], [-78.240489, 0.217651], [-78.240514, 0.217549], [-78.240523, 0.217507], [-78.240529, 0.217481], [-78.240536, 0.217448], [-78.240538, 0.217441], [-78.240538, 0.217438], [-78.24054, 0.217429], [-78.240543, 0.217414], [-78.240524, 0.217407], [-78.240506, 0.217401], [-78.240489, 0.217396], [-78.24045, 0.217385], [-78.2404, 0.21737], [-78.240388, 0.217366], [-78.240381, 0.217364], [-78.240364, 0.217359], [-78.240337, 0.217351], [-78.240188, 0.217315], [-78.24008, 0.217287], [-78.240021, 0.217272], [-78.239816, 0.217212], [-78.23971, 0.217171], [-78.239687, 0.217158], [-78.239617, 0.217118], [-78.239612, 0.217115], [-78.239611, 0.217115], [-78.239606, 0.217112], [-78.239591, 0.217104], [-78.239549, 0.217082], [-78.239516, 0.217065], [-78.239485, 0.217049], [-78.239457, 0.217035], [-78.239449, 0.21703], [-78.239456, 0.217016], [-78.239472, 0.216989], [-78.239486, 0.216963], [-78.239501, 0.216937], [-78.239505, 0.216928], [-78.239562, 0.216808], [-78.239616, 0.216683], [-78.239669, 0.216562], [-78.239687, 0.216524], [-78.239694, 0.216509], [-78.239703, 0.21649], [-78.239708, 0.216479], [-78.239722, 0.216453], [-78.239727, 0.216444], [-78.239728, 0.216442], [-78.239728, 0.216441], [-78.239729, 0.216439], [-78.239728, 0.216438], [-78.239727, 0.216437], [-78.239726, 0.216437], [-78.239711, 0.216428], [-78.23968, 0.21641], [-78.239487, 0.216296], [-78.239377, 0.216232], [-78.239282, 0.216176], [-78.239123, 0.216089], [-78.239115, 0.216084], [-78.239031, 0.216037], [-78.239012, 0.216027], [-78.239009, 0.216025], [-78.238982, 0.21601], [-78.23898, 0.216009], [-78.23898, 0.216009]]]], "type": "MultiPolygon"}}, {"type": "Feature", "properties": {"sc": "5", "num_muestra": 5, "codigo_muestra": "5", "tipologia": "G", "etiqueta": "5|G", "etiquetaSC": "5|G", "parroquia": "EUGENIO ESPEJO", "circunscripcion": "CIRCUNSCRIPCION RURAL", "canton": "OTAVALO", "sec_anm": "100452001010", "pob_t": 291.0, "v_pres": 83.0, "dens_pob": 2033.54, "bbox": [[-78.250653, 0.203955], [-78.245305, 0.211953]], "centroid": [-78.248222, 0.207918]}, "geometry": {"coordinates": [[[[-78.248465, 0.21095], [-78.248391, 0.210887], [-78.248324, 0.210831], [-78.248228, 0.210753], [-78.248111, 0.210653], [-78.248079, 0.210624], [-78.248026, 0.21057], [-78.248077, 0.210547], [-78.248313, 0.210437], [-78.248329, 0.210429], [-78.248407, 0.210393], [-78.248826, 0.210195], [-78.248851, 0.210183], [-78.249025, 0.210099], [-78.249056, 0.210085], [-78.249058, 0.210084], [-78.249059, 0.210083], [-78.24906, 0.210083], [-78.249066, 0.21008], [-78.249107, 0.210063], [-78.249148, 0.210046], [-78.249249, 0.210005], [-78.249276, 0.20999], [-78.249301, 0.209977], [-78.249319, 0.209968], [-78.249423, 0.209901], [-78.249456, 0.209877], [-78.249526, 0.209825], [-78.249577, 0.209774], [-78.249593, 0.209755], [-78.249627, 0.209714], [-78.24963, 0.209711], [-78.249624, 0.209705], [-78.248804, 0.208963], [-78.248719, 0.208868], [-78.248523, 0.208704], [-78.24817, 0.208456], [-78.247585, 0.207995], [-78.247387, 0.207842], [-78.246924, 0.207486], [-78.246608, 0.207223], [-78.246212, 0.206874], [-78.245715, 0.206389], [-78.245305, 0.206024], [-78.245685, 0.205383], [-78.245754, 0.205305], [-78.245747, 0.2053], [-78.245563, 0.20515], [-78.245512, 0.205107], [-78.245506, 0.205103], [-78.245512, 0.205088], [-78.245533, 0.205042], [-78.245534, 0.20504], [-78.245563, 0.204985], [-78.245622, 0.20488], [-78.245705, 0.204738], [-78.245793, 0.20459], [-78.245874, 0.204459], [-78.245933, 0.204358], [-78.24595, 0.204296], [-78.245944, 0.204212], [-78.245914, 0.204158], [-78.245871, 0.204107], [-78.245835, 0.204033], [-78.245826, 0.204014], [-78.245821, 0.204004], [-78.245821, 0.204004], [-78.245821, 0.204004], [-78.245804, 0.203969], [-78.245846, 0.203965], [-78.245904, 0.203964], [-78.246894, 0.203955], [-78.247055, 0.203962], [-78.247321, 0.204015], [-78.247598, 0.204146], [-78.247911, 0.204304], [-78.247887, 0.204342], [-78.247885, 0.204345], [-78.247883, 0.204348], [-78.247868, 0.204371], [-78.247775, 0.204517], [-78.247714, 0.204627], [-78.247593, 0.204842], [-78.24742, 0.205136], [-78.247416, 0.205143], [-78.247414, 0.205147], [-78.247413, 0.205149], [-78.247412, 0.205151], [-78.247373, 0.205212], [-78.247342, 0.205261], [-78.24728, 0.205357], [-78.247233, 0.205432], [-78.247134, 0.205597], [-78.247032, 0.205763], [-78.246941, 0.205909], [-78.246859, 0.206051], [-78.246833, 0.2061], [-78.246829, 0.206106], [-78.246801, 0.206147], [-78.246795, 0.206156], [-78.246802, 0.206162], [-78.247111, 0.206415], [-78.247134, 0.206434], [-78.247138, 0.206437], [-78.247142, 0.20644], [-78.247148, 0.206445], [-78.247289, 0.206558], [-78.247557, 0.206778], [-78.247906, 0.207063], [-78.24791, 0.207066], [-78.247912, 0.207069], [-78.247913, 0.207069], [-78.247917, 0.207072], [-78.24792, 0.207075], [-78.247921, 0.207076], [-78.247922, 0.207077], [-78.247939, 0.207091], [-78.248167, 0.207275], [-78.248668, 0.207681], [-78.248694, 0.207702], [-78.249176, 0.208098], [-78.249208, 0.208123], [-78.249272, 0.208176], [-78.249273, 0.208177], [-78.249281, 0.208184], [-78.249324, 0.208219], [-78.249638, 0.208476], [-78.249997, 0.208773], [-78.250237, 0.208979], [-78.250255, 0.208994], [-78.250465, 0.209166], [-78.250468, 0.209168], [-78.250348, 0.20933], [-78.250205, 0.209522], [-78.249997, 0.209859], [-78.249978, 0.20988], [-78.249977, 0.209882], [-78.249958, 0.209903], [-78.249949, 0.209913], [-78.249934, 0.209933], [-78.249927, 0.209942], [-78.249924, 0.209945], [-78.249925, 0.209946], [-78.249945, 0.209961], [-78.249955, 0.209969], [-78.249997, 0.210001], [-78.250142, 0.210117], [-78.250196, 0.210161], [-78.250219, 0.210179], [-78.250404, 0.210315], [-78.250653, 0.210498], [-78.250642, 0.210514], [-78.250618, 0.210549], [-78.250529, 0.210693], [-78.250425, 0.21086], [-78.25039, 0.210919], [-78.250376, 0.210942], [-78.250296, 0.211064], [-78.25022, 0.211161], [-78.250181, 0.21122], [-78.249955, 0.211558], [-78.249914, 0.21162], [-78.249837, 0.211746], [-78.249631, 0.211953], [-78.249475, 0.211797], [-78.248465, 0.21095]]]], "type": "MultiPolygon"}}, {"type": "Feature", "properties": {"sc": "6", "num_muestra": 6, "codigo_muestra": "6", "tipologia": "A", "etiqueta": "6|A", "etiquetaSC": "6|A", "parroquia": "EUGENIO ESPEJO", "circunscripcion": "CIRCUNSCRIPCION RURAL", "canton": "OTAVALO", "sec_anm": "100452002003", "pob_t": 380.0, "v_pres": 100.0, "dens_pob": 1585.31, "bbox": [[-78.259969, 0.19217], [-78.255275, 0.204413]], "centroid": [-78.25754, 0.198292]}, "geometry": {"coordinates": [[[[-78.256727, 0.195846], [-78.256756, 0.19576], [-78.256813, 0.195604], [-78.256915, 0.195336], [-78.256972, 0.195197], [-78.257049, 0.195008], [-78.257097, 0.194891], [-78.257231, 0.194944], [-78.257396, 0.195006], [-78.25759, 0.195079], [-78.257704, 0.195119], [-78.257827, 0.19516], [-78.257925, 0.195193], [-78.257959, 0.195205], [-78.258006, 0.195221], [-78.258164, 0.195276], [-78.258502, 0.195377], [-78.259011, 0.195527], [-78.259075, 0.195548], [-78.259246, 0.19561], [-78.259253, 0.19559], [-78.259262, 0.195564], [-78.259276, 0.195539], [-78.259295, 0.195509], [-78.259333, 0.195457], [-78.259352, 0.195404], [-78.259368, 0.195272], [-78.259381, 0.194976], [-78.259376, 0.194917], [-78.259353, 0.194853], [-78.259299, 0.194746], [-78.259198, 0.194551], [-78.259177, 0.194509], [-78.259139, 0.194388], [-78.259121, 0.194325], [-78.2591, 0.19425], [-78.259054, 0.194059], [-78.259009, 0.193888], [-78.25897, 0.193773], [-78.258927, 0.19366], [-78.25887, 0.193536], [-78.258826, 0.193442], [-78.258816, 0.193422], [-78.258741, 0.193211], [-78.258694, 0.193099], [-78.258684, 0.192978], [-78.258676, 0.192882], [-78.258706, 0.192735], [-78.258739, 0.192666], [-78.258775, 0.192615], [-78.258868, 0.192541], [-78.258951, 0.192478], [-78.258974, 0.192455], [-78.258987, 0.192438], [-78.259, 0.192416], [-78.259014, 0.19238], [-78.259034, 0.192277], [-78.259037, 0.192261], [-78.259091, 0.19217], [-78.259109, 0.192181], [-78.259196, 0.192233], [-78.259208, 0.192241], [-78.259226, 0.192251], [-78.25921, 0.192261], [-78.259176, 0.192283], [-78.259161, 0.192296], [-78.259146, 0.19231], [-78.259134, 0.192333], [-78.259127, 0.192355], [-78.259125, 0.192389], [-78.259125, 0.192414], [-78.259124, 0.192485], [-78.259125, 0.192551], [-78.259125, 0.192593], [-78.259125, 0.192617], [-78.259124, 0.192639], [-78.259118, 0.19266], [-78.259108, 0.19268], [-78.259089, 0.19271], [-78.259063, 0.192752], [-78.259036, 0.19279], [-78.259009, 0.192828], [-78.258987, 0.192863], [-78.258968, 0.192889], [-78.258948, 0.192922], [-78.258933, 0.192951], [-78.258925, 0.192975], [-78.258923, 0.192996], [-78.258923, 0.192999], [-78.258923, 0.193022], [-78.258924, 0.193042], [-78.258928, 0.193059], [-78.258933, 0.193073], [-78.258935, 0.193077], [-78.258944, 0.193093], [-78.258956, 0.193116], [-78.258964, 0.193132], [-78.25897, 0.193143], [-78.258978, 0.193158], [-78.258994, 0.193184], [-78.259011, 0.193213], [-78.259015, 0.193219], [-78.25904, 0.193255], [-78.259046, 0.193265], [-78.259069, 0.193307], [-78.259077, 0.193319], [-78.25909, 0.193338], [-78.259099, 0.193356], [-78.259103, 0.193374], [-78.259104, 0.193391], [-78.259103, 0.193404], [-78.259103, 0.193406], [-78.259103, 0.193409], [-78.259103, 0.193425], [-78.259104, 0.193433], [-78.259105, 0.193439], [-78.259107, 0.193448], [-78.259108, 0.193451], [-78.259112, 0.193462], [-78.259113, 0.193463], [-78.259114, 0.193466], [-78.259121, 0.193476], [-78.259141, 0.193494], [-78.259168, 0.193521], [-78.25919, 0.193545], [-78.259213, 0.193576], [-78.259236, 0.19361], [-78.259259, 0.193644], [-78.259279, 0.193677], [-78.259302, 0.193714], [-78.259323, 0.19375], [-78.259339, 0.193777], [-78.259368, 0.193823], [-78.259387, 0.193853], [-78.259406, 0.193878], [-78.259422, 0.193897], [-78.259446, 0.193923], [-78.259461, 0.193944], [-78.259476, 0.193965], [-78.259487, 0.193982], [-78.259499, 0.193993], [-78.259502, 0.193996], [-78.259516, 0.194006], [-78.259517, 0.194007], [-78.259522, 0.19401], [-78.25953, 0.194017], [-78.259541, 0.194024], [-78.259544, 0.194026], [-78.259549, 0.19403], [-78.259569, 0.194048], [-78.259576, 0.194055], [-78.259589, 0.194067], [-78.259601, 0.194083], [-78.25961, 0.194099], [-78.259618, 0.194117], [-78.259619, 0.194135], [-78.259618, 0.194147], [-78.259618, 0.194157], [-78.25961, 0.19418], [-78.259605, 0.194192], [-78.259603, 0.194205], [-78.259601, 0.194217], [-78.259601, 0.194226], [-78.259601, 0.194233], [-78.259601, 0.194252], [-78.259607, 0.19427], [-78.259614, 0.194291], [-78.259622, 0.19431], [-78.259638, 0.19435], [-78.259647, 0.19437], [-78.259663, 0.194409], [-78.259682, 0.194458], [-78.259702, 0.194501], [-78.25972, 0.194539], [-78.259732, 0.194566], [-78.259736, 0.194576], [-78.259738, 0.19458], [-78.259757, 0.194622], [-78.259778, 0.194664], [-78.259787, 0.19468], [-78.259797, 0.194699], [-78.259805, 0.194714], [-78.259814, 0.194729], [-78.259818, 0.194747], [-78.259821, 0.194763], [-78.259822, 0.194777], [-78.259822, 0.19479], [-78.259822, 0.194804], [-78.259822, 0.194816], [-78.259821, 0.19483], [-78.259821, 0.194843], [-78.259826, 0.194864], [-78.25983, 0.19488], [-78.259841, 0.194897], [-78.259851, 0.194909], [-78.259858, 0.19492], [-78.259868, 0.19493], [-78.259875, 0.194943], [-78.259881, 0.194958], [-78.259883, 0.194975], [-78.259884, 0.194995], [-78.259878, 0.195033], [-78.259875, 0.195048], [-78.259875, 0.195067], [-78.259875, 0.195085], [-78.259875, 0.195101], [-78.259874, 0.195118], [-78.259877, 0.195135], [-78.259881, 0.195151], [-78.259886, 0.195162], [-78.259896, 0.195172], [-78.259905, 0.195183], [-78.259914, 0.195195], [-78.259922, 0.195211], [-78.259927, 0.195224], [-78.25993, 0.195238], [-78.259932, 0.195255], [-78.259934, 0.19527], [-78.259934, 0.195288], [-78.259935, 0.195305], [-78.259935, 0.195326], [-78.259935, 0.195347], [-78.259937, 0.195368], [-78.25994, 0.195389], [-78.259943, 0.195405], [-78.259947, 0.195418], [-78.25995, 0.19544], [-78.259955, 0.195462], [-78.259957, 0.195483], [-78.259959, 0.1955], [-78.25996, 0.195516], [-78.259961, 0.195533], [-78.259961, 0.195547], [-78.259961, 0.195562], [-78.25996, 0.195578], [-78.259957, 0.19559], [-78.259953, 0.195603], [-78.259943, 0.195616], [-78.259934, 0.195626], [-78.259922, 0.195636], [-78.259907, 0.195643], [-78.259888, 0.195651], [-78.259863, 0.195657], [-78.259802, 0.195669], [-78.259767, 0.195677], [-78.259753, 0.195682], [-78.25974, 0.195689], [-78.25973, 0.195695], [-78.259727, 0.195707], [-78.259725, 0.195725], [-78.259725, 0.195738], [-78.259725, 0.195742], [-78.259725, 0.195762], [-78.259725, 0.195764], [-78.259725, 0.195764], [-78.259725, 0.195766], [-78.259725, 0.195779], [-78.259726, 0.19579], [-78.259726, 0.195808], [-78.259725, 0.195819], [-78.259725, 0.195824], [-78.259725, 0.195824], [-78.259717, 0.195879], [-78.259712, 0.195917], [-78.259711, 0.195925], [-78.259711, 0.195927], [-78.259711, 0.195929], [-78.25971, 0.195932], [-78.259709, 0.195937], [-78.259705, 0.195956], [-78.2597, 0.195973], [-78.259695, 0.195991], [-78.259694, 0.196], [-78.259693, 0.19601], [-78.259693, 0.196027], [-78.259695, 0.19605], [-78.259701, 0.196066], [-78.259712, 0.196083], [-78.259718, 0.19609], [-78.259722, 0.196095], [-78.259728, 0.1961], [-78.259733, 0.196106], [-78.259742, 0.196111], [-78.259754, 0.196119], [-78.259763, 0.196121], [-78.259776, 0.196125], [-78.259781, 0.196126], [-78.259804, 0.196132], [-78.259817, 0.196137], [-78.259823, 0.19614], [-78.259837, 0.196145], [-78.259842, 0.196148], [-78.25985, 0.196153], [-78.259862, 0.196161], [-78.259865, 0.196163], [-78.259878, 0.196174], [-78.259882, 0.19618], [-78.259888, 0.196189], [-78.259891, 0.196203], [-78.259891, 0.196216], [-78.259887, 0.196225], [-78.259873, 0.19624], [-78.259856, 0.196253], [-78.259844, 0.196258], [-78.259833, 0.196262], [-78.259813, 0.196271], [-78.259803, 0.196278], [-78.259796, 0.196285], [-78.259789, 0.196295], [-78.259783, 0.196318], [-78.259774, 0.196356], [-78.259774, 0.196373], [-78.259773, 0.19639], [-78.259774, 0.196413], [-78.259777, 0.196433], [-78.259779, 0.196445], [-78.259783, 0.196467], [-78.259786, 0.196482], [-78.259791, 0.196495], [-78.259799, 0.196507], [-78.259806, 0.196514], [-78.259832, 0.196524], [-78.259858, 0.196542], [-78.259862, 0.196552], [-78.259866, 0.196564], [-78.259871, 0.196578], [-78.259877, 0.196593], [-78.259881, 0.196601], [-78.259884, 0.196607], [-78.259893, 0.196619], [-78.259902, 0.196629], [-78.259907, 0.196638], [-78.259912, 0.196647], [-78.259923, 0.196657], [-78.259924, 0.196659], [-78.259936, 0.196671], [-78.259947, 0.196684], [-78.259955, 0.196693], [-78.259961, 0.196703], [-78.259966, 0.196713], [-78.259969, 0.196723], [-78.259968, 0.196736], [-78.259963, 0.196748], [-78.259958, 0.196755], [-78.259956, 0.196758], [-78.259932, 0.196778], [-78.259908, 0.196805], [-78.259869, 0.196848], [-78.259826, 0.196926], [-78.259788, 0.197064], [-78.259767, 0.19718], [-78.259766, 0.197183], [-78.259751, 0.197222], [-78.259741, 0.197247], [-78.259736, 0.19726], [-78.259723, 0.197287], [-78.259721, 0.197288], [-78.25969, 0.197319], [-78.259584, 0.197382], [-78.25957, 0.197387], [-78.259537, 0.197399], [-78.259489, 0.197407], [-78.259465, 0.197414], [-78.259446, 0.197425], [-78.259433, 0.197444], [-78.25942, 0.197468], [-78.25941, 0.197492], [-78.259399, 0.197517], [-78.259393, 0.19754], [-78.259388, 0.197569], [-78.259386, 0.197595], [-78.259382, 0.197633], [-78.259378, 0.197665], [-78.259378, 0.197691], [-78.259376, 0.197717], [-78.259373, 0.197741], [-78.259367, 0.197762], [-78.259358, 0.197782], [-78.259342, 0.197806], [-78.259329, 0.197835], [-78.259325, 0.197845], [-78.259312, 0.197865], [-78.259303, 0.197877], [-78.259276, 0.19791], [-78.259247, 0.197938], [-78.259235, 0.197961], [-78.259234, 0.197966], [-78.259234, 0.197971], [-78.25924, 0.197995], [-78.25924, 0.197996], [-78.259241, 0.197999], [-78.259245, 0.198008], [-78.259253, 0.198031], [-78.259257, 0.198043], [-78.259259, 0.198055], [-78.25926, 0.198066], [-78.25926, 0.198067], [-78.259268, 0.198091], [-78.259276, 0.198119], [-78.25928, 0.198136], [-78.259284, 0.198155], [-78.259285, 0.198174], [-78.259281, 0.19819], [-78.259265, 0.198202], [-78.259248, 0.198217], [-78.259242, 0.198232], [-78.25924, 0.19824], [-78.259227, 0.198255], [-78.259213, 0.198268], [-78.259204, 0.198283], [-78.259199, 0.198301], [-78.259195, 0.198313], [-78.259192, 0.198336], [-78.259188, 0.198359], [-78.259191, 0.198371], [-78.259192, 0.19838], [-78.259193, 0.198384], [-78.259195, 0.198407], [-78.25919, 0.198431], [-78.25918, 0.198457], [-78.259178, 0.198478], [-78.259178, 0.198484], [-78.259176, 0.198507], [-78.259173, 0.198537], [-78.259171, 0.198557], [-78.259167, 0.198571], [-78.25916, 0.198585], [-78.259147, 0.198596], [-78.259134, 0.198604], [-78.259114, 0.198612], [-78.259103, 0.198618], [-78.259093, 0.198624], [-78.259024, 0.198663], [-78.259014, 0.198668], [-78.259, 0.198675], [-78.258981, 0.198683], [-78.258963, 0.198692], [-78.25895, 0.198701], [-78.258942, 0.19871], [-78.258934, 0.198723], [-78.258929, 0.198743], [-78.258929, 0.198767], [-78.258928, 0.198793], [-78.258928, 0.198818], [-78.258928, 0.19884], [-78.258929, 0.198863], [-78.258931, 0.198886], [-78.258931, 0.198911], [-78.25893, 0.198931], [-78.258926, 0.198943], [-78.258918, 0.198954], [-78.2589, 0.198964], [-78.258887, 0.19897], [-78.25887, 0.198976], [-78.258848, 0.198985], [-78.258821, 0.199006], [-78.258782, 0.199039], [-78.258777, 0.199057], [-78.258772, 0.199071], [-78.258772, 0.199073], [-78.258771, 0.199074], [-78.25877, 0.199078], [-78.258769, 0.199081], [-78.258768, 0.199085], [-78.258768, 0.199093], [-78.258768, 0.199095], [-78.258768, 0.199096], [-78.258752, 0.199103], [-78.258742, 0.199109], [-78.258587, 0.1992], [-78.258343, 0.199341], [-78.258163, 0.199444], [-78.258139, 0.199458], [-78.258114, 0.199473], [-78.258088, 0.199512], [-78.258069, 0.199538], [-78.25803, 0.199583], [-78.25803, 0.199583], [-78.257973, 0.199633], [-78.257906, 0.199697], [-78.257803, 0.199797], [-78.257765, 0.199836], [-78.257743, 0.199866], [-78.257728, 0.199903], [-78.257711, 0.199947], [-78.257695, 0.199994], [-78.257667, 0.200138], [-78.257644, 0.200286], [-78.257582, 0.20067], [-78.257546, 0.20089], [-78.257501, 0.201069], [-78.257441, 0.201287], [-78.257435, 0.201301], [-78.257346, 0.201507], [-78.257172, 0.201846], [-78.257087, 0.202015], [-78.257043, 0.202102], [-78.256989, 0.202241], [-78.256926, 0.20241], [-78.256892, 0.202503], [-78.256842, 0.202678], [-78.257029, 0.202749], [-78.257071, 0.202774], [-78.257084, 0.202782], [-78.257097, 0.202795], [-78.257105, 0.202807], [-78.257114, 0.202823], [-78.25712, 0.20284], [-78.257123, 0.202854], [-78.257124, 0.202866], [-78.257122, 0.202912], [-78.257117, 0.202962], [-78.257107, 0.202999], [-78.257048, 0.203245], [-78.256995, 0.203464], [-78.25697, 0.203596], [-78.256942, 0.203708], [-78.256886, 0.203902], [-78.256856, 0.204015], [-78.256709, 0.204413], [-78.256569, 0.204362], [-78.256503, 0.204337], [-78.256463, 0.204321], [-78.256434, 0.20431], [-78.256416, 0.204302], [-78.256401, 0.204295], [-78.256388, 0.204288], [-78.256377, 0.204283], [-78.256369, 0.204278], [-78.256362, 0.204273], [-78.256356, 0.204269], [-78.256351, 0.204266], [-78.256347, 0.204263], [-78.256343, 0.20426], [-78.256339, 0.204256], [-78.256335, 0.204251], [-78.256331, 0.204246], [-78.256324, 0.204237], [-78.256319, 0.20423], [-78.256266, 0.204152], [-78.256243, 0.204127], [-78.256215, 0.204107], [-78.256204, 0.204102], [-78.256185, 0.204094], [-78.256163, 0.204088], [-78.256109, 0.204074], [-78.25592, 0.204025], [-78.255814, 0.203997], [-78.255589, 0.203941], [-78.255319, 0.203873], [-78.255275, 0.203862], [-78.255328, 0.203658], [-78.255336, 0.203633], [-78.255392, 0.203453], [-78.255488, 0.2032], [-78.255582, 0.202935], [-78.255671, 0.202674], [-78.255772, 0.202421], [-78.255892, 0.202131], [-78.255921, 0.202069], [-78.255969, 0.201966], [-78.25602, 0.201857], [-78.256049, 0.201795], [-78.256051, 0.201789], [-78.25606, 0.201768], [-78.256178, 0.201554], [-78.256241, 0.201445], [-78.256323, 0.201289], [-78.256395, 0.201144], [-78.256429, 0.201083], [-78.2565, 0.200915], [-78.257044, 0.19958], [-78.257093, 0.199448], [-78.257155, 0.199283], [-78.257025, 0.199233], [-78.256902, 0.199185], [-78.256844, 0.199153], [-78.256789, 0.199109], [-78.256785, 0.199106], [-78.256754, 0.199074], [-78.256723, 0.199044], [-78.256609, 0.198942], [-78.256581, 0.198922], [-78.256328, 0.198812], [-78.2562, 0.198756], [-78.256042, 0.19869], [-78.255872, 0.198623], [-78.255843, 0.198612], [-78.255774, 0.198585], [-78.255771, 0.198583], [-78.255847, 0.198378], [-78.255991, 0.19797], [-78.256129, 0.197556], [-78.256263, 0.197163], [-78.256332, 0.196967], [-78.256371, 0.196855], [-78.256485, 0.196536], [-78.256593, 0.196231], [-78.256594, 0.196227], [-78.256614, 0.196169], [-78.256727, 0.195846]]]], "type": "MultiPolygon"}}, {"type": "Feature", "properties": {"sc": "7", "num_muestra": 7, "codigo_muestra": "7", "tipologia": "C", "etiqueta": "7|C", "etiquetaSC": "7|C", "parroquia": "GONZALEZ SUAREZ", "circunscripcion": "CIRCUNSCRIPCION RURAL", "canton": "OTAVALO", "sec_anm": "100453001003", "pob_t": 321.0, "v_pres": 86.0, "dens_pob": 5846.99, "bbox": [[-78.203953, 0.178765], [-78.200299, 0.183689]], "centroid": [-78.202417, 0.181229]}, "geometry": {"coordinates": [[[[-78.200376, 0.183469], [-78.200338, 0.183423], [-78.200299, 0.183371], [-78.200326, 0.183294], [-78.200391, 0.183164], [-78.200396, 0.183155], [-78.200447, 0.18306], [-78.200491, 0.182967], [-78.200513, 0.18292], [-78.200528, 0.182888], [-78.200584, 0.182779], [-78.200588, 0.18277], [-78.200596, 0.182756], [-78.200643, 0.182675], [-78.200727, 0.182541], [-78.200747, 0.182508], [-78.200751, 0.182501], [-78.200801, 0.182415], [-78.200885, 0.182289], [-78.200954, 0.182198], [-78.200975, 0.182184], [-78.201038, 0.182141], [-78.201048, 0.18214], [-78.201095, 0.182135], [-78.201176, 0.182119], [-78.201264, 0.182105], [-78.201356, 0.182093], [-78.201376, 0.182087], [-78.201445, 0.182059], [-78.201491, 0.182031], [-78.201493, 0.18203], [-78.201533, 0.181998], [-78.201577, 0.181962], [-78.201613, 0.181922], [-78.201656, 0.181869], [-78.201676, 0.181842], [-78.201703, 0.181795], [-78.201724, 0.181753], [-78.201745, 0.181701], [-78.201764, 0.181652], [-78.201774, 0.181593], [-78.201787, 0.181522], [-78.201798, 0.181443], [-78.201807, 0.181385], [-78.201814, 0.181367], [-78.201824, 0.181341], [-78.201848, 0.181317], [-78.201869, 0.18129], [-78.201872, 0.181286], [-78.201892, 0.181262], [-78.201904, 0.181249], [-78.201922, 0.18123], [-78.201925, 0.181227], [-78.20193, 0.181222], [-78.201941, 0.18121], [-78.201961, 0.181187], [-78.201968, 0.181181], [-78.201984, 0.181164], [-78.201989, 0.181159], [-78.201991, 0.181157], [-78.202021, 0.181125], [-78.202039, 0.181106], [-78.202067, 0.181082], [-78.202074, 0.181076], [-78.202077, 0.181074], [-78.202057, 0.181062], [-78.202042, 0.181054], [-78.201995, 0.181029], [-78.201915, 0.180978], [-78.201856, 0.180939], [-78.201813, 0.18091], [-78.201753, 0.18087], [-78.201733, 0.180851], [-78.201691, 0.180812], [-78.201683, 0.180804], [-78.202055, 0.18039], [-78.202144, 0.180292], [-78.202222, 0.180211], [-78.202301, 0.180128], [-78.20241, 0.180008], [-78.202516, 0.179892], [-78.202728, 0.179646], [-78.202733, 0.17964], [-78.202746, 0.179625], [-78.202765, 0.179604], [-78.2028, 0.179564], [-78.202905, 0.179444], [-78.202982, 0.179361], [-78.203085, 0.17925], [-78.203206, 0.179108], [-78.203332, 0.178961], [-78.203447, 0.178837], [-78.203489, 0.17879], [-78.203513, 0.178765], [-78.203547, 0.178797], [-78.203647, 0.178891], [-78.203754, 0.178991], [-78.203903, 0.179127], [-78.203913, 0.179135], [-78.203916, 0.179138], [-78.20395, 0.179169], [-78.203953, 0.179171], [-78.203652, 0.179493], [-78.203468, 0.17969], [-78.203335, 0.179815], [-78.203197, 0.179965], [-78.203158, 0.180008], [-78.203166, 0.180013], [-78.203477, 0.180281], [-78.203511, 0.180311], [-78.203503, 0.180324], [-78.203361, 0.180544], [-78.203306, 0.18062], [-78.203171, 0.180821], [-78.203031, 0.181029], [-78.20302, 0.181048], [-78.203015, 0.181056], [-78.203011, 0.181063], [-78.202983, 0.181113], [-78.202941, 0.181185], [-78.202907, 0.181234], [-78.202844, 0.181324], [-78.202753, 0.181462], [-78.202702, 0.181532], [-78.202687, 0.181553], [-78.202664, 0.181585], [-78.202653, 0.181599], [-78.202649, 0.181603], [-78.202629, 0.181626], [-78.202612, 0.181646], [-78.202611, 0.181647], [-78.202587, 0.181674], [-78.202523, 0.181744], [-78.202431, 0.181845], [-78.202331, 0.18196], [-78.202301, 0.18199], [-78.20225, 0.182043], [-78.202123, 0.182179], [-78.202014, 0.1823], [-78.201922, 0.182403], [-78.201818, 0.182522], [-78.2017, 0.18265], [-78.201608, 0.18275], [-78.201521, 0.182849], [-78.201414, 0.182966], [-78.201378, 0.183007], [-78.20115, 0.183254], [-78.20092, 0.183447], [-78.200613, 0.183689], [-78.200538, 0.183635], [-78.200529, 0.183627], [-78.200496, 0.183593], [-78.200493, 0.18359], [-78.200458, 0.183552], [-78.200417, 0.18351], [-78.200376, 0.183469]]]], "type": "MultiPolygon"}}, {"type": "Feature", "properties": {"sc": "8", "num_muestra": 8, "codigo_muestra": "8", "tipologia": "F", "etiqueta": "8|F", "etiquetaSC": "8|F", "parroquia": "GONZALEZ SUAREZ", "circunscripcion": "CIRCUNSCRIPCION RURAL", "canton": "OTAVALO", "sec_anm": "100453001008", "pob_t": 421.0, "v_pres": 104.0, "dens_pob": 1751.98, "bbox": [[-78.214119, 0.174866], [-78.208305, 0.183424]], "centroid": [-78.210818, 0.179284]}, "geometry": {"coordinates": [[[[-78.208911, 0.179516], [-78.208546, 0.179063], [-78.208436, 0.178927], [-78.208305, 0.178715], [-78.208306, 0.178715], [-78.208741, 0.178847], [-78.208826, 0.178865], [-78.209024, 0.178885], [-78.209266, 0.17897], [-78.209472, 0.179068], [-78.209492, 0.179081], [-78.209505, 0.179026], [-78.20952, 0.178986], [-78.20953, 0.178957], [-78.20956, 0.178881], [-78.209566, 0.178866], [-78.209603, 0.178766], [-78.209609, 0.178748], [-78.209627, 0.1787], [-78.209637, 0.178672], [-78.209656, 0.178619], [-78.209672, 0.178568], [-78.209678, 0.17855], [-78.209706, 0.178459], [-78.209738, 0.178367], [-78.209757, 0.178313], [-78.20977, 0.178279], [-78.209794, 0.178209], [-78.209818, 0.178146], [-78.20983, 0.178112], [-78.209839, 0.178086], [-78.209841, 0.178081], [-78.209846, 0.178067], [-78.209847, 0.178064], [-78.209858, 0.178032], [-78.209861, 0.178023], [-78.209867, 0.177998], [-78.209868, 0.177994], [-78.20987, 0.177986], [-78.209874, 0.177973], [-78.209877, 0.17796], [-78.209896, 0.177873], [-78.2099, 0.177856], [-78.209927, 0.177752], [-78.20993, 0.177742], [-78.209966, 0.177659], [-78.209968, 0.177654], [-78.209977, 0.177634], [-78.20998, 0.177629], [-78.21002, 0.177552], [-78.210084, 0.177461], [-78.210137, 0.177379], [-78.210171, 0.177335], [-78.210198, 0.177301], [-78.210244, 0.177242], [-78.210247, 0.177238], [-78.210267, 0.177222], [-78.210309, 0.177188], [-78.210312, 0.177185], [-78.210317, 0.177182], [-78.210317, 0.177182], [-78.210328, 0.177173], [-78.21036, 0.177142], [-78.210394, 0.177117], [-78.210433, 0.177087], [-78.21047, 0.17706], [-78.210512, 0.177026], [-78.210552, 0.176986], [-78.210594, 0.176948], [-78.210638, 0.176904], [-78.210699, 0.176838], [-78.210754, 0.176775], [-78.210812, 0.176708], [-78.210856, 0.176647], [-78.210911, 0.176587], [-78.210957, 0.176532], [-78.211012, 0.176476], [-78.21106, 0.176432], [-78.211115, 0.176381], [-78.211158, 0.176345], [-78.211202, 0.176305], [-78.211246, 0.176273], [-78.211294, 0.176238], [-78.211343, 0.176205], [-78.211433, 0.176138], [-78.211444, 0.17613], [-78.211462, 0.176114], [-78.211487, 0.17609], [-78.211511, 0.176064], [-78.211531, 0.176032], [-78.211544, 0.176009], [-78.211556, 0.175987], [-78.211567, 0.175961], [-78.211582, 0.175916], [-78.211598, 0.175876], [-78.211609, 0.175846], [-78.211623, 0.17581], [-78.211641, 0.175768], [-78.211656, 0.175723], [-78.211674, 0.175689], [-78.211694, 0.175653], [-78.211713, 0.175618], [-78.21173, 0.175589], [-78.211746, 0.17556], [-78.211763, 0.175523], [-78.211776, 0.175483], [-78.211785, 0.175451], [-78.211827, 0.17534], [-78.211889, 0.175176], [-78.211993, 0.174927], [-78.212032, 0.174887], [-78.212086, 0.174866], [-78.212152, 0.174871], [-78.212208, 0.174901], [-78.212611, 0.175285], [-78.212785, 0.175447], [-78.212505, 0.175756], [-78.212692, 0.175959], [-78.212657, 0.176], [-78.212836, 0.176175], [-78.212833, 0.176198], [-78.212715, 0.176322], [-78.212848, 0.176459], [-78.212744, 0.176607], [-78.212534, 0.176802], [-78.21224, 0.176979], [-78.212179, 0.177017], [-78.212147, 0.177224], [-78.21219, 0.17727], [-78.212313, 0.177468], [-78.212442, 0.177668], [-78.21262, 0.17793], [-78.212716, 0.178046], [-78.212832, 0.177945], [-78.213093, 0.177645], [-78.213114, 0.177673], [-78.213179, 0.177757], [-78.213265, 0.177853], [-78.21335, 0.177934], [-78.213496, 0.178041], [-78.213619, 0.178135], [-78.213634, 0.178175], [-78.213632, 0.178215], [-78.213616, 0.178243], [-78.213194, 0.178873], [-78.212774, 0.179487], [-78.212591, 0.179797], [-78.212586, 0.179801], [-78.212636, 0.179837], [-78.21269, 0.179873], [-78.213137, 0.180151], [-78.213593, 0.180503], [-78.213697, 0.180556], [-78.213464, 0.180998], [-78.21341, 0.181131], [-78.213396, 0.181319], [-78.213342, 0.181563], [-78.213268, 0.181725], [-78.213143, 0.181932], [-78.213353, 0.18209], [-78.213651, 0.182305], [-78.214119, 0.182669], [-78.21371, 0.183266], [-78.213632, 0.183424], [-78.212675, 0.182648], [-78.211078, 0.181348], [-78.210484, 0.18086], [-78.210476, 0.180854], [-78.210337, 0.180739], [-78.20976, 0.180265], [-78.209375, 0.179944], [-78.209361, 0.179933], [-78.209262, 0.17985], [-78.208911, 0.179516]]]], "type": "MultiPolygon"}}, {"type": "Feature", "properties": {"sc": "9", "num_muestra": 9, "codigo_muestra": "9", "tipologia": "D", "etiqueta": "9|D", "etiquetaSC": "9|D", "parroquia": "GONZALEZ SUAREZ", "circunscripcion": "CIRCUNSCRIPCION RURAL", "canton": "OTAVALO", "sec_anm": "100453001005", "pob_t": 393.0, "v_pres": 98.0, "dens_pob": 3356.11, "bbox": [[-78.202685, 0.17451], [-78.198329, 0.179819]], "centroid": [-78.20098, 0.177169]}, "geometry": {"coordinates": [[[[-78.199204, 0.177022], [-78.199152, 0.176895], [-78.199086, 0.176724], [-78.199034, 0.176594], [-78.199007, 0.176535], [-78.19897, 0.176454], [-78.198967, 0.176448], [-78.198925, 0.176366], [-78.198873, 0.176266], [-78.198786, 0.176106], [-78.198688, 0.175937], [-78.198621, 0.175819], [-78.198504, 0.175638], [-78.198481, 0.17561], [-78.198465, 0.17559], [-78.198457, 0.175581], [-78.19845, 0.175572], [-78.198419, 0.175533], [-78.198357, 0.175451], [-78.19835, 0.175444], [-78.198341, 0.175432], [-78.198335, 0.175425], [-78.198329, 0.175419], [-78.198355, 0.175404], [-78.198486, 0.175331], [-78.199077, 0.175002], [-78.199144, 0.174964], [-78.199663, 0.174561], [-78.19969, 0.17451], [-78.199708, 0.174517], [-78.199715, 0.174519], [-78.199854, 0.174562], [-78.199866, 0.174622], [-78.199896, 0.17478], [-78.19993, 0.174919], [-78.199968, 0.175064], [-78.200031, 0.175327], [-78.200051, 0.175436], [-78.200089, 0.175667], [-78.200121, 0.175912], [-78.200196, 0.176508], [-78.20021, 0.176608], [-78.200243, 0.176816], [-78.200251, 0.176853], [-78.200263, 0.176904], [-78.200275, 0.176953], [-78.200282, 0.17698], [-78.200338, 0.176908], [-78.200359, 0.176881], [-78.200411, 0.176816], [-78.200454, 0.17676], [-78.200498, 0.176704], [-78.200672, 0.176483], [-78.200888, 0.176208], [-78.201153, 0.175871], [-78.201193, 0.17582], [-78.201224, 0.175789], [-78.201214, 0.176151], [-78.20124, 0.176152], [-78.201248, 0.176152], [-78.201273, 0.176153], [-78.201747, 0.17617], [-78.201922, 0.176177], [-78.201961, 0.176178], [-78.201969, 0.176178], [-78.202543, 0.176209], [-78.202561, 0.17621], [-78.202571, 0.17621], [-78.20257, 0.176234], [-78.202578, 0.176325], [-78.202588, 0.176396], [-78.2026, 0.176467], [-78.202612, 0.176562], [-78.202625, 0.176665], [-78.202637, 0.176794], [-78.202647, 0.17688], [-78.202657, 0.176981], [-78.20267, 0.177061], [-78.202679, 0.177124], [-78.202681, 0.177146], [-78.202683, 0.177159], [-78.202685, 0.177178], [-78.202615, 0.177194], [-78.202552, 0.177198], [-78.202492, 0.177205], [-78.202437, 0.177217], [-78.202369, 0.177231], [-78.202293, 0.17725], [-78.202214, 0.177267], [-78.202113, 0.17729], [-78.202013, 0.177314], [-78.201979, 0.177321], [-78.201923, 0.177332], [-78.201913, 0.177524], [-78.201905, 0.177801], [-78.201897, 0.177917], [-78.201892, 0.177988], [-78.201877, 0.17817], [-78.201858, 0.178277], [-78.201773, 0.178522], [-78.201745, 0.178612], [-78.201685, 0.178744], [-78.201642, 0.1788], [-78.20156, 0.178888], [-78.201457, 0.179], [-78.201342, 0.179125], [-78.201265, 0.179211], [-78.201233, 0.179246], [-78.201162, 0.179316], [-78.201139, 0.179344], [-78.201121, 0.179414], [-78.200965, 0.179549], [-78.200906, 0.179592], [-78.200815, 0.179657], [-78.200842, 0.179741], [-78.200851, 0.179819], [-78.200799, 0.179778], [-78.200739, 0.179723], [-78.200688, 0.179664], [-78.20065, 0.179596], [-78.200595, 0.179482], [-78.200523, 0.179334], [-78.200493, 0.17927], [-78.200479, 0.179239], [-78.200452, 0.179181], [-78.200409, 0.179094], [-78.200321, 0.178958], [-78.200257, 0.178861], [-78.20025, 0.178849], [-78.200245, 0.178842], [-78.200181, 0.178744], [-78.200117, 0.178655], [-78.200039, 0.178557], [-78.199977, 0.178488], [-78.199918, 0.17842], [-78.199851, 0.178333], [-78.199773, 0.178265], [-78.199767, 0.178259], [-78.19976, 0.178252], [-78.199743, 0.178225], [-78.199727, 0.178199], [-78.199691, 0.178138], [-78.199641, 0.178015], [-78.199598, 0.177896], [-78.199549, 0.177747], [-78.199486, 0.177602], [-78.199444, 0.177497], [-78.199388, 0.177392], [-78.199318, 0.17726], [-78.199264, 0.177142], [-78.199204, 0.177022]]]], "type": "MultiPolygon"}}, {"type": "Feature", "properties": {"sc": "10", "num_muestra": 10, "codigo_muestra": "10", "tipologia": "B", "etiqueta": "10|B", "etiquetaSC": "10|B", "parroquia": "SAN JOSE DE QUICHINCHE", "circunscripcion": "CIRCUNSCRIPCION RURAL", "canton": "OTAVALO", "sec_anm": "100455001002", "pob_t": 588.0, "v_pres": 151.0, "dens_pob": 1963.27, "bbox": [[-78.291334, 0.236415], [-78.28417, 0.242739]], "centroid": [-78.287389, 0.239574]}, "geometry": {"coordinates": [[[[-78.289113, 0.241758], [-78.288996, 0.241758], [-78.288957, 0.241759], [-78.288808, 0.241761], [-78.288687, 0.24177], [-78.288594, 0.241779], [-78.288445, 0.241829], [-78.288377, 0.241858], [-78.288354, 0.241868], [-78.288173, 0.241959], [-78.288104, 0.242001], [-78.288031, 0.242063], [-78.287968, 0.242137], [-78.28789, 0.242244], [-78.28784, 0.242306], [-78.287783, 0.242352], [-78.287722, 0.242387], [-78.287677, 0.242399], [-78.287622, 0.242407], [-78.287565, 0.242407], [-78.287499, 0.242405], [-78.287404, 0.242399], [-78.287339, 0.242387], [-78.287221, 0.242359], [-78.287179, 0.242351], [-78.287142, 0.242352], [-78.287108, 0.242352], [-78.287055, 0.242364], [-78.286992, 0.242387], [-78.286861, 0.242454], [-78.28678, 0.242491], [-78.286707, 0.242524], [-78.286641, 0.242546], [-78.28652, 0.242574], [-78.286414, 0.242587], [-78.286271, 0.242576], [-78.286138, 0.242555], [-78.286093, 0.242542], [-78.286091, 0.242541], [-78.286054, 0.242528], [-78.286035, 0.242521], [-78.285913, 0.242455], [-78.285811, 0.242394], [-78.285742, 0.242338], [-78.285681, 0.242285], [-78.285616, 0.242226], [-78.285563, 0.242167], [-78.285521, 0.24212], [-78.285278, 0.241839], [-78.284875, 0.241315], [-78.284731, 0.241116], [-78.284612, 0.240952], [-78.284537, 0.240849], [-78.284497, 0.240778], [-78.284411, 0.24063], [-78.284394, 0.240592], [-78.284379, 0.240559], [-78.284337, 0.240471], [-78.28428, 0.240306], [-78.284182, 0.240028], [-78.284178, 0.240017], [-78.28417, 0.23999], [-78.284468, 0.239848], [-78.284477, 0.239843], [-78.284811, 0.239672], [-78.284868, 0.239642], [-78.285373, 0.23939], [-78.285389, 0.239382], [-78.285446, 0.239353], [-78.285777, 0.239185], [-78.286021, 0.239061], [-78.286659, 0.238741], [-78.286868, 0.238637], [-78.286928, 0.238607], [-78.286928, 0.238607], [-78.286494, 0.237555], [-78.287156, 0.23719], [-78.287296, 0.237125], [-78.287677, 0.236943], [-78.287677, 0.236943], [-78.288215, 0.236726], [-78.288466, 0.236618], [-78.28893, 0.236418], [-78.288936, 0.236415], [-78.288937, 0.236415], [-78.288943, 0.236429], [-78.288943, 0.23643], [-78.288946, 0.236437], [-78.289141, 0.236911], [-78.289348, 0.237393], [-78.289368, 0.237383], [-78.289531, 0.2373], [-78.289768, 0.237184], [-78.289939, 0.237099], [-78.289954, 0.237092], [-78.289954, 0.237092], [-78.289959, 0.237102], [-78.290079, 0.23738], [-78.290007, 0.237415], [-78.289876, 0.23748], [-78.289639, 0.237599], [-78.289637, 0.237605], [-78.289637, 0.237612], [-78.289663, 0.237667], [-78.289775, 0.237908], [-78.289943, 0.238276], [-78.289915, 0.238292], [-78.289328, 0.238608], [-78.28934, 0.238634], [-78.289351, 0.23866], [-78.289502, 0.239004], [-78.289619, 0.239267], [-78.289667, 0.239365], [-78.289734, 0.239505], [-78.289848, 0.239714], [-78.290106, 0.24018], [-78.290175, 0.240312], [-78.290189, 0.240338], [-78.290192, 0.240344], [-78.290302, 0.240538], [-78.290332, 0.240592], [-78.290459, 0.240828], [-78.290477, 0.240837], [-78.290569, 0.240879], [-78.290624, 0.2409], [-78.290656, 0.240917], [-78.290682, 0.240931], [-78.290694, 0.24094], [-78.290727, 0.240965], [-78.29083, 0.241058], [-78.291011, 0.241233], [-78.291033, 0.241259], [-78.291157, 0.241394], [-78.29118, 0.241422], [-78.29122, 0.241479], [-78.291306, 0.241619], [-78.291332, 0.24168], [-78.291333, 0.241694], [-78.291334, 0.241718], [-78.291333, 0.241741], [-78.291331, 0.241762], [-78.291323, 0.241788], [-78.291293, 0.241843], [-78.291274, 0.241892], [-78.291222, 0.242023], [-78.291185, 0.242147], [-78.291085, 0.24246], [-78.290984, 0.242739], [-78.290984, 0.242739], [-78.290861, 0.242694], [-78.29076, 0.242661], [-78.290667, 0.242632], [-78.290601, 0.242605], [-78.290525, 0.242554], [-78.290458, 0.242503], [-78.2904, 0.242461], [-78.290341, 0.242424], [-78.290319, 0.24241], [-78.290283, 0.242385], [-78.290228, 0.242356], [-78.290136, 0.242316], [-78.290047, 0.24227], [-78.289985, 0.242233], [-78.289943, 0.242208], [-78.289864, 0.242127], [-78.289738, 0.242002], [-78.289706, 0.241968], [-78.28964, 0.241897], [-78.289603, 0.241872], [-78.289541, 0.241839], [-78.289452, 0.241799], [-78.289376, 0.241776], [-78.289304, 0.241762], [-78.289206, 0.24176], [-78.289113, 0.241758]]]], "type": "MultiPolygon"}}, {"type": "Feature", "properties": {"sc": "11", "num_muestra": 11, "codigo_muestra": "11", "tipologia": "D", "etiqueta": "11|D", "etiquetaSC": "11|D", "parroquia": "SAN JOSE DE QUICHINCHE", "circunscripcion": "CIRCUNSCRIPCION RURAL", "canton": "OTAVALO", "sec_anm": "100455001001", "pob_t": 543.0, "v_pres": 148.0, "dens_pob": 1464.4, "bbox": [[-78.296379, 0.233435], [-78.288937, 0.243084]], "centroid": [-78.291799, 0.238254]}, "geometry": {"coordinates": [[[[-78.291256, 0.243072], [-78.291253, 0.24307], [-78.291251, 0.243066], [-78.29125, 0.243065], [-78.291248, 0.243061], [-78.291242, 0.243052], [-78.29124, 0.243049], [-78.291236, 0.243042], [-78.291233, 0.243038], [-78.291227, 0.243028], [-78.291227, 0.243027], [-78.291226, 0.243025], [-78.291225, 0.243025], [-78.291225, 0.243024], [-78.291247, 0.242997], [-78.291261, 0.242975], [-78.291261, 0.242947], [-78.291255, 0.242925], [-78.291236, 0.242888], [-78.291225, 0.242879], [-78.291159, 0.242828], [-78.291076, 0.242785], [-78.290984, 0.242739], [-78.291085, 0.24246], [-78.291185, 0.242147], [-78.291222, 0.242023], [-78.291274, 0.241892], [-78.291293, 0.241843], [-78.291323, 0.241788], [-78.291331, 0.241762], [-78.291333, 0.241741], [-78.291334, 0.241718], [-78.291333, 0.241694], [-78.291332, 0.24168], [-78.291306, 0.241619], [-78.29122, 0.241479], [-78.29118, 0.241422], [-78.291157, 0.241394], [-78.291033, 0.241259], [-78.291011, 0.241233], [-78.29083, 0.241058], [-78.290727, 0.240965], [-78.290694, 0.24094], [-78.290682, 0.240931], [-78.290656, 0.240917], [-78.290624, 0.2409], [-78.290569, 0.240879], [-78.290477, 0.240837], [-78.290459, 0.240828], [-78.290332, 0.240592], [-78.290302, 0.240538], [-78.290192, 0.240344], [-78.290189, 0.240338], [-78.290175, 0.240312], [-78.290106, 0.24018], [-78.289848, 0.239714], [-78.289734, 0.239505], [-78.289667, 0.239365], [-78.289619, 0.239267], [-78.289502, 0.239004], [-78.289351, 0.23866], [-78.28934, 0.238634], [-78.289328, 0.238608], [-78.289915, 0.238292], [-78.289943, 0.238276], [-78.289775, 0.237908], [-78.289663, 0.237667], [-78.289637, 0.237612], [-78.289637, 0.237605], [-78.289639, 0.237599], [-78.289876, 0.23748], [-78.290007, 0.237415], [-78.290079, 0.23738], [-78.289959, 0.237102], [-78.289954, 0.237092], [-78.289954, 0.237092], [-78.289939, 0.237099], [-78.289768, 0.237184], [-78.289531, 0.2373], [-78.289368, 0.237383], [-78.289348, 0.237393], [-78.289141, 0.236911], [-78.288946, 0.236437], [-78.288943, 0.23643], [-78.288943, 0.236429], [-78.288937, 0.236415], [-78.28896, 0.236404], [-78.289127, 0.236317], [-78.289659, 0.23604], [-78.290151, 0.235795], [-78.290522, 0.235604], [-78.290696, 0.235513], [-78.290713, 0.235506], [-78.290935, 0.235365], [-78.290938, 0.235364], [-78.291023, 0.235315], [-78.291172, 0.235219], [-78.291177, 0.235215], [-78.291188, 0.235206], [-78.291257, 0.235148], [-78.291263, 0.235142], [-78.291293, 0.235112], [-78.291299, 0.235107], [-78.291311, 0.235095], [-78.291312, 0.235094], [-78.291313, 0.235094], [-78.291334, 0.235073], [-78.291357, 0.235048], [-78.291385, 0.235027], [-78.291416, 0.235011], [-78.291448, 0.235001], [-78.291459, 0.234965], [-78.291486, 0.234912], [-78.291504, 0.234887], [-78.291524, 0.234869], [-78.291837, 0.234718], [-78.292055, 0.234604], [-78.292478, 0.234329], [-78.292521, 0.234301], [-78.29272, 0.234174], [-78.292727, 0.23417], [-78.292884, 0.234068], [-78.293051, 0.233963], [-78.293183, 0.233865], [-78.293288, 0.233777], [-78.293383, 0.233698], [-78.293447, 0.233639], [-78.293507, 0.233588], [-78.293607, 0.233496], [-78.29366, 0.233447], [-78.293661, 0.233448], [-78.293667, 0.233443], [-78.293675, 0.233435], [-78.293833, 0.233663], [-78.293899, 0.233768], [-78.293918, 0.233814], [-78.293929, 0.233867], [-78.293932, 0.233902], [-78.293935, 0.233948], [-78.293934, 0.233984], [-78.293947, 0.23407], [-78.293952, 0.234081], [-78.294118, 0.234481], [-78.294154, 0.234579], [-78.294165, 0.234661], [-78.294503, 0.234451], [-78.294523, 0.234439], [-78.294532, 0.234433], [-78.29454, 0.234427], [-78.294546, 0.234419], [-78.294552, 0.23441], [-78.294556, 0.234401], [-78.294558, 0.234391], [-78.294559, 0.234381], [-78.294559, 0.234379], [-78.29456, 0.234365], [-78.294563, 0.234352], [-78.294579, 0.234292], [-78.294588, 0.234259], [-78.294593, 0.234243], [-78.294601, 0.234228], [-78.294624, 0.234193], [-78.294657, 0.234165], [-78.294666, 0.234155], [-78.294679, 0.234144], [-78.294694, 0.234135], [-78.29471, 0.234129], [-78.29472, 0.234125], [-78.29476, 0.234102], [-78.294797, 0.234067], [-78.294872, 0.233993], [-78.294893, 0.233972], [-78.294949, 0.233892], [-78.294955, 0.233899], [-78.295082, 0.234059], [-78.295083, 0.234061], [-78.295092, 0.234073], [-78.295097, 0.234079], [-78.295101, 0.234085], [-78.295102, 0.234087], [-78.295116, 0.234124], [-78.295124, 0.234153], [-78.295126, 0.234175], [-78.295126, 0.234201], [-78.295126, 0.234224], [-78.295108, 0.234288], [-78.295097, 0.234341], [-78.295085, 0.234353], [-78.295061, 0.234377], [-78.295041, 0.234393], [-78.29503, 0.234402], [-78.294835, 0.234574], [-78.294739, 0.234673], [-78.294728, 0.234695], [-78.29472, 0.234717], [-78.294718, 0.23474], [-78.294718, 0.234762], [-78.294725, 0.234779], [-78.29473, 0.234791], [-78.294838, 0.234939], [-78.294963, 0.235108], [-78.295073, 0.235257], [-78.295123, 0.235324], [-78.29513, 0.23533], [-78.295216, 0.235207], [-78.295242, 0.23515], [-78.29525, 0.235116], [-78.295255, 0.235093], [-78.295268, 0.235036], [-78.295271, 0.234869], [-78.295274, 0.234594], [-78.295275, 0.234489], [-78.295279, 0.234437], [-78.29528, 0.234401], [-78.295284, 0.234378], [-78.295291, 0.234341], [-78.295298, 0.2343], [-78.295354, 0.234134], [-78.295388, 0.234071], [-78.295424, 0.234006], [-78.295468, 0.233954], [-78.295516, 0.233909], [-78.295556, 0.233884], [-78.29558, 0.23387], [-78.295587, 0.233866], [-78.295593, 0.233864], [-78.295644, 0.233857], [-78.295697, 0.233857], [-78.295744, 0.233858], [-78.295793, 0.233858], [-78.295833, 0.233854], [-78.295865, 0.233847], [-78.295905, 0.233828], [-78.295931, 0.233814], [-78.296028, 0.233742], [-78.29608, 0.233697], [-78.296097, 0.233679], [-78.296129, 0.233645], [-78.29617, 0.233602], [-78.296202, 0.233566], [-78.296243, 0.233529], [-78.296262, 0.233515], [-78.296272, 0.233507], [-78.296297, 0.233502], [-78.296318, 0.233501], [-78.296345, 0.233509], [-78.296365, 0.233522], [-78.296377, 0.233535], [-78.296379, 0.233536], [-78.29636, 0.233558], [-78.296346, 0.233575], [-78.296252, 0.233729], [-78.296219, 0.233784], [-78.296196, 0.233814], [-78.296131, 0.233902], [-78.296092, 0.233935], [-78.29608, 0.233946], [-78.296064, 0.233961], [-78.296051, 0.233975], [-78.29602, 0.234007], [-78.296018, 0.234009], [-78.295997, 0.234035], [-78.295961, 0.234076], [-78.295929, 0.234124], [-78.295917, 0.234154], [-78.29592, 0.234154], [-78.295917, 0.234157], [-78.295914, 0.234186], [-78.295917, 0.234226], [-78.295911, 0.234262], [-78.29591, 0.234271], [-78.2959, 0.234303], [-78.295878, 0.234324], [-78.295859, 0.234336], [-78.295845, 0.234344], [-78.295794, 0.234374], [-78.29574, 0.234427], [-78.295704, 0.234469], [-78.295682, 0.234508], [-78.295666, 0.234537], [-78.295647, 0.234566], [-78.295639, 0.234599], [-78.295631, 0.234631], [-78.295629, 0.23466], [-78.295634, 0.234686], [-78.295644, 0.234705], [-78.29567, 0.234743], [-78.295704, 0.234779], [-78.29572, 0.234812], [-78.295731, 0.234853], [-78.295734, 0.234907], [-78.295735, 0.235005], [-78.295738, 0.235108], [-78.295734, 0.235162], [-78.295721, 0.235187], [-78.295703, 0.235199], [-78.295684, 0.235197], [-78.295651, 0.235191], [-78.295629, 0.235194], [-78.295621, 0.235204], [-78.295614, 0.23523], [-78.295618, 0.235251], [-78.295626, 0.235285], [-78.295624, 0.2353], [-78.295616, 0.235319], [-78.295604, 0.235332], [-78.295586, 0.235339], [-78.295564, 0.235348], [-78.295543, 0.235356], [-78.295537, 0.235368], [-78.29553, 0.235387], [-78.295527, 0.23541], [-78.295529, 0.235432], [-78.295527, 0.235449], [-78.295532, 0.235463], [-78.29554, 0.235478], [-78.295542, 0.235494], [-78.295538, 0.235513], [-78.29552, 0.235549], [-78.295496, 0.235576], [-78.295427, 0.235661], [-78.2954, 0.235684], [-78.295373, 0.235695], [-78.295334, 0.235702], [-78.295308, 0.235709], [-78.295295, 0.235718], [-78.295277, 0.235736], [-78.29526, 0.235745], [-78.295234, 0.235755], [-78.29522, 0.235765], [-78.295209, 0.235781], [-78.295199, 0.235803], [-78.295194, 0.235825], [-78.295183, 0.235839], [-78.295164, 0.235846], [-78.295135, 0.23585], [-78.295114, 0.23586], [-78.295093, 0.235875], [-78.295057, 0.235928], [-78.295023, 0.235975], [-78.294978, 0.23603], [-78.294931, 0.236093], [-78.294887, 0.236149], [-78.294841, 0.236199], [-78.294802, 0.236223], [-78.294778, 0.236234], [-78.294758, 0.236238], [-78.294729, 0.236234], [-78.294679, 0.236216], [-78.294645, 0.236198], [-78.294594, 0.236171], [-78.294558, 0.236155], [-78.294538, 0.236154], [-78.294518, 0.236158], [-78.294483, 0.236186], [-78.294445, 0.236213], [-78.294383, 0.236261], [-78.294326, 0.236291], [-78.294317, 0.236296], [-78.294254, 0.236334], [-78.294191, 0.236385], [-78.294136, 0.236443], [-78.29409, 0.236493], [-78.294038, 0.236545], [-78.293983, 0.236594], [-78.29397, 0.236612], [-78.29396, 0.236643], [-78.293957, 0.236683], [-78.293959, 0.236713], [-78.293964, 0.236728], [-78.293967, 0.236738], [-78.293971, 0.236773], [-78.293958, 0.236798], [-78.293914, 0.236846], [-78.293853, 0.236916], [-78.293791, 0.237001], [-78.293752, 0.237063], [-78.293735, 0.237116], [-78.29373, 0.237179], [-78.293727, 0.237248], [-78.293723, 0.237331], [-78.293712, 0.237403], [-78.293702, 0.237459], [-78.293698, 0.237479], [-78.293685, 0.237555], [-78.293671, 0.237631], [-78.293668, 0.237657], [-78.293664, 0.237696], [-78.293664, 0.237748], [-78.293671, 0.237778], [-78.293682, 0.237809], [-78.293686, 0.237823], [-78.293693, 0.237852], [-78.293697, 0.237875], [-78.293698, 0.237883], [-78.293689, 0.237912], [-78.293684, 0.237923], [-78.293671, 0.23795], [-78.293667, 0.237959], [-78.293663, 0.237967], [-78.293648, 0.238009], [-78.293636, 0.238041], [-78.293635, 0.238043], [-78.293629, 0.238059], [-78.293624, 0.238072], [-78.293624, 0.238078], [-78.293624, 0.238084], [-78.293623, 0.238086], [-78.293623, 0.23809], [-78.293622, 0.238106], [-78.293622, 0.238121], [-78.293624, 0.238157], [-78.293652, 0.238226], [-78.293654, 0.238232], [-78.293684, 0.238293], [-78.2937, 0.238337], [-78.2937, 0.238339], [-78.293709, 0.238363], [-78.29371, 0.238365], [-78.293714, 0.238383], [-78.293727, 0.238439], [-78.293739, 0.238498], [-78.293739, 0.238566], [-78.29372, 0.23863], [-78.293698, 0.238661], [-78.293682, 0.238684], [-78.293582, 0.238788], [-78.293548, 0.238836], [-78.293523, 0.238901], [-78.293479, 0.239044], [-78.293446, 0.239101], [-78.293394, 0.239151], [-78.293344, 0.239184], [-78.293297, 0.23919], [-78.293243, 0.239193], [-78.293212, 0.239196], [-78.293209, 0.239197], [-78.29318, 0.239208], [-78.293141, 0.239235], [-78.293112, 0.239271], [-78.293089, 0.23933], [-78.293076, 0.239365], [-78.29304, 0.239468], [-78.29304, 0.239468], [-78.293027, 0.239502], [-78.292971, 0.239655], [-78.292948, 0.239717], [-78.29289, 0.239893], [-78.292871, 0.239943], [-78.292813, 0.240097], [-78.292804, 0.24012], [-78.292764, 0.240231], [-78.292754, 0.240291], [-78.292765, 0.240335], [-78.292787, 0.240373], [-78.2928, 0.240396], [-78.292826, 0.240437], [-78.292846, 0.240485], [-78.292853, 0.240501], [-78.292871, 0.240564], [-78.292877, 0.240586], [-78.29288, 0.240595], [-78.292888, 0.240626], [-78.292888, 0.24063], [-78.292896, 0.24066], [-78.292914, 0.240741], [-78.292915, 0.240759], [-78.292921, 0.240854], [-78.292916, 0.240907], [-78.292907, 0.241008], [-78.292882, 0.2411], [-78.292875, 0.241125], [-78.292844, 0.241171], [-78.292833, 0.241185], [-78.292827, 0.241195], [-78.292789, 0.241238], [-78.292755, 0.241287], [-78.292738, 0.241333], [-78.292729, 0.241358], [-78.292711, 0.24143], [-78.292713, 0.24151], [-78.292718, 0.241543], [-78.29272, 0.241557], [-78.292724, 0.241578], [-78.292729, 0.24161], [-78.292732, 0.241628], [-78.292745, 0.2417], [-78.292755, 0.241752], [-78.292771, 0.241872], [-78.292781, 0.241952], [-78.29278, 0.241953], [-78.29278, 0.241971], [-78.29278, 0.241972], [-78.29278, 0.241978], [-78.292775, 0.242043], [-78.292774, 0.242058], [-78.292761, 0.242139], [-78.292729, 0.242249], [-78.29269, 0.242357], [-78.292685, 0.242372], [-78.292657, 0.242471], [-78.292621, 0.242536], [-78.292606, 0.242581], [-78.292598, 0.242666], [-78.292586, 0.242696], [-78.29258, 0.242712], [-78.292572, 0.24273], [-78.292533, 0.242788], [-78.292516, 0.242807], [-78.292497, 0.242828], [-78.292464, 0.242845], [-78.292434, 0.242853], [-78.292396, 0.242853], [-78.29236, 0.242849], [-78.292286, 0.242827], [-78.292231, 0.242806], [-78.292209, 0.242798], [-78.292201, 0.242795], [-78.292165, 0.242795], [-78.292129, 0.242802], [-78.292093, 0.242809], [-78.292081, 0.242811], [-78.292017, 0.242823], [-78.291959, 0.242853], [-78.291951, 0.242858], [-78.291897, 0.24289], [-78.291829, 0.242921], [-78.29178, 0.242935], [-78.291724, 0.242934], [-78.291687, 0.242936], [-78.291667, 0.242942], [-78.291636, 0.24295], [-78.291625, 0.242953], [-78.291612, 0.24296], [-78.291601, 0.242965], [-78.291585, 0.242974], [-78.291583, 0.242975], [-78.291582, 0.242975], [-78.291581, 0.242976], [-78.291581, 0.242976], [-78.29158, 0.242976], [-78.291566, 0.242982], [-78.291565, 0.242983], [-78.291552, 0.242986], [-78.291551, 0.242987], [-78.29155, 0.242987], [-78.29155, 0.242987], [-78.291549, 0.242987], [-78.291538, 0.242989], [-78.29152, 0.242992], [-78.291507, 0.242995], [-78.291496, 0.243], [-78.291488, 0.243008], [-78.291483, 0.243018], [-78.291481, 0.24303], [-78.29148, 0.243049], [-78.291479, 0.243059], [-78.291475, 0.243066], [-78.291468, 0.243074], [-78.291455, 0.243081], [-78.291446, 0.243082], [-78.291436, 0.243082], [-78.291422, 0.243077], [-78.291412, 0.243073], [-78.291396, 0.24307], [-78.291385, 0.24307], [-78.291374, 0.243071], [-78.291355, 0.243074], [-78.291344, 0.243078], [-78.291329, 0.243082], [-78.291319, 0.243083], [-78.291303, 0.243083], [-78.291292, 0.243084], [-78.291275, 0.243081], [-78.291266, 0.243078], [-78.291256, 0.243072]]]], "type": "MultiPolygon"}}, {"type": "Feature", "properties": {"sc": "12", "num_muestra": 12, "codigo_muestra": "12", "tipologia": "G", "etiqueta": "12|G", "etiquetaSC": "12|G", "parroquia": "SAN JOSE DE QUICHINCHE", "circunscripcion": "CIRCUNSCRIPCION RURAL", "canton": "OTAVALO", "sec_anm": "100455001004", "pob_t": 320.0, "v_pres": 77.0, "dens_pob": 1347.94, "bbox": [[-78.300144, 0.227976], [-78.291949, 0.23533]], "centroid": [-78.295593, 0.231642]}, "geometry": {"coordinates": [[[[-78.294955, 0.233899], [-78.294949, 0.233892], [-78.294893, 0.233972], [-78.294872, 0.233993], [-78.294797, 0.234067], [-78.29476, 0.234102], [-78.29472, 0.234125], [-78.29471, 0.234129], [-78.294694, 0.234135], [-78.294679, 0.234144], [-78.294666, 0.234155], [-78.294657, 0.234165], [-78.294624, 0.234193], [-78.294601, 0.234228], [-78.294593, 0.234243], [-78.294588, 0.234259], [-78.294579, 0.234292], [-78.294563, 0.234352], [-78.29456, 0.234365], [-78.294559, 0.234379], [-78.294559, 0.234381], [-78.294558, 0.234391], [-78.294556, 0.234401], [-78.294552, 0.23441], [-78.294546, 0.234419], [-78.29454, 0.234427], [-78.294532, 0.234433], [-78.294523, 0.234439], [-78.294503, 0.234451], [-78.294165, 0.234661], [-78.294154, 0.234579], [-78.294118, 0.234481], [-78.293952, 0.234081], [-78.293947, 0.23407], [-78.293934, 0.233984], [-78.293935, 0.233948], [-78.293932, 0.233902], [-78.293929, 0.233867], [-78.293918, 0.233814], [-78.293899, 0.233768], [-78.293833, 0.233663], [-78.293675, 0.233435], [-78.293667, 0.233443], [-78.293661, 0.233448], [-78.29366, 0.233447], [-78.293607, 0.233496], [-78.293507, 0.233588], [-78.293447, 0.233639], [-78.293383, 0.233698], [-78.293288, 0.233777], [-78.293183, 0.233865], [-78.293051, 0.233963], [-78.292884, 0.234068], [-78.292727, 0.23417], [-78.29272, 0.234174], [-78.292521, 0.234301], [-78.292478, 0.234329], [-78.292324, 0.234055], [-78.292209, 0.233833], [-78.292053, 0.233509], [-78.291949, 0.233275], [-78.29195, 0.233275], [-78.291982, 0.233264], [-78.292145, 0.233204], [-78.292163, 0.2332], [-78.292255, 0.233163], [-78.292336, 0.23313], [-78.292406, 0.23309], [-78.292463, 0.233047], [-78.292546, 0.232947], [-78.292661, 0.232792], [-78.292805, 0.232596], [-78.292816, 0.232581], [-78.292826, 0.232568], [-78.292952, 0.232403], [-78.29298, 0.232369], [-78.293028, 0.232315], [-78.293203, 0.232143], [-78.293385, 0.231964], [-78.293551, 0.231807], [-78.293705, 0.231665], [-78.293806, 0.231573], [-78.293952, 0.231465], [-78.294111, 0.231365], [-78.294158, 0.231317], [-78.294223, 0.231252], [-78.294284, 0.231191], [-78.294377, 0.231086], [-78.294521, 0.230925], [-78.294523, 0.230923], [-78.294624, 0.230811], [-78.294625, 0.23081], [-78.294687, 0.230722], [-78.294722, 0.230646], [-78.294784, 0.230468], [-78.294869, 0.230276], [-78.294936, 0.230145], [-78.295008, 0.230028], [-78.295061, 0.229911], [-78.295132, 0.22976], [-78.295135, 0.229753], [-78.295152, 0.229718], [-78.295166, 0.229692], [-78.29522, 0.22959], [-78.295329, 0.22969], [-78.295609, 0.229945], [-78.295597, 0.229964], [-78.295545, 0.230076], [-78.29553, 0.230132], [-78.295544, 0.23022], [-78.295567, 0.230312], [-78.295625, 0.230523], [-78.295697, 0.230697], [-78.295744, 0.230853], [-78.295797, 0.231101], [-78.29583, 0.231345], [-78.295965, 0.231318], [-78.296088, 0.231276], [-78.296169, 0.231234], [-78.29617, 0.231233], [-78.296171, 0.231232], [-78.29622, 0.231197], [-78.296248, 0.231177], [-78.296325, 0.231086], [-78.29637, 0.230939], [-78.296371, 0.230936], [-78.296395, 0.230856], [-78.296442, 0.230729], [-78.296454, 0.230697], [-78.296475, 0.230639], [-78.2965, 0.230565], [-78.296524, 0.230493], [-78.296691, 0.230093], [-78.296776, 0.229902], [-78.296891, 0.229735], [-78.296951, 0.229648], [-78.297062, 0.229558], [-78.297314, 0.229427], [-78.297408, 0.229382], [-78.297465, 0.229366], [-78.297521, 0.229362], [-78.297713, 0.229363], [-78.297814, 0.229363], [-78.297875, 0.229363], [-78.298073, 0.229357], [-78.298279, 0.229358], [-78.298379, 0.229342], [-78.298454, 0.229306], [-78.298522, 0.229236], [-78.298577, 0.229144], [-78.298639, 0.228964], [-78.298661, 0.228876], [-78.298722, 0.228707], [-78.298747, 0.228645], [-78.298822, 0.228536], [-78.298915, 0.228435], [-78.298997, 0.228332], [-78.299039, 0.228266], [-78.299062, 0.228223], [-78.299078, 0.228194], [-78.299111, 0.228119], [-78.299139, 0.228056], [-78.299153, 0.228021], [-78.29916, 0.228005], [-78.299172, 0.227976], [-78.299185, 0.22799], [-78.299203, 0.228009], [-78.300082, 0.22894], [-78.300144, 0.229005], [-78.300121, 0.22903], [-78.300101, 0.229055], [-78.300079, 0.229079], [-78.300059, 0.229104], [-78.30005, 0.22912], [-78.300041, 0.229144], [-78.300034, 0.229167], [-78.300028, 0.229178], [-78.299997, 0.229291], [-78.299994, 0.229338], [-78.299993, 0.229361], [-78.299994, 0.229379], [-78.299994, 0.229396], [-78.299983, 0.229631], [-78.299993, 0.229663], [-78.300007, 0.229687], [-78.300009, 0.229719], [-78.299998, 0.229787], [-78.299979, 0.229846], [-78.299969, 0.229894], [-78.299959, 0.229911], [-78.299947, 0.229931], [-78.299938, 0.229941], [-78.299915, 0.229969], [-78.299885, 0.229994], [-78.299782, 0.23002], [-78.299679, 0.230022], [-78.299637, 0.230036], [-78.299591, 0.230055], [-78.299565, 0.230077], [-78.299537, 0.230104], [-78.299476, 0.230167], [-78.299414, 0.230222], [-78.299299, 0.230317], [-78.299186, 0.230366], [-78.299099, 0.230407], [-78.29907, 0.23042], [-78.299033, 0.230432], [-78.298978, 0.230433], [-78.298865, 0.230417], [-78.298832, 0.230424], [-78.298804, 0.230438], [-78.29877, 0.230466], [-78.298647, 0.230558], [-78.29862, 0.23057], [-78.298587, 0.230574], [-78.298521, 0.230597], [-78.298487, 0.23062], [-78.298455, 0.230645], [-78.298409, 0.230695], [-78.298392, 0.230718], [-78.298378, 0.23075], [-78.298365, 0.230798], [-78.298341, 0.230857], [-78.298311, 0.230893], [-78.298299, 0.230907], [-78.298287, 0.230916], [-78.298243, 0.230951], [-78.298229, 0.230961], [-78.298146, 0.231016], [-78.298133, 0.231029], [-78.298096, 0.231067], [-78.298052, 0.231138], [-78.298021, 0.231193], [-78.298001, 0.231245], [-78.297984, 0.231294], [-78.297963, 0.231323], [-78.297937, 0.231335], [-78.297888, 0.231349], [-78.29785, 0.231357], [-78.297829, 0.231359], [-78.297799, 0.231362], [-78.297767, 0.231354], [-78.297747, 0.23135], [-78.297744, 0.231351], [-78.29772, 0.23136], [-78.297698, 0.231373], [-78.297692, 0.231377], [-78.297675, 0.231387], [-78.29762, 0.231422], [-78.297572, 0.231437], [-78.297529, 0.231433], [-78.297507, 0.231437], [-78.297492, 0.231458], [-78.297476, 0.231494], [-78.297474, 0.231501], [-78.297467, 0.231541], [-78.297464, 0.231602], [-78.29746, 0.23162], [-78.297451, 0.231668], [-78.297437, 0.23171], [-78.297421, 0.231747], [-78.297413, 0.23178], [-78.297401, 0.231813], [-78.297381, 0.231846], [-78.297365, 0.23187], [-78.297355, 0.231904], [-78.297342, 0.23196], [-78.297326, 0.232007], [-78.297315, 0.232036], [-78.297314, 0.232039], [-78.297244, 0.232175], [-78.297223, 0.232217], [-78.297209, 0.232251], [-78.297211, 0.232286], [-78.297225, 0.232311], [-78.297247, 0.232353], [-78.297253, 0.232389], [-78.297251, 0.232426], [-78.297239, 0.23249], [-78.297231, 0.232545], [-78.297225, 0.232588], [-78.297212, 0.232629], [-78.297199, 0.232648], [-78.29718, 0.232676], [-78.29717, 0.232691], [-78.297141, 0.232732], [-78.297114, 0.232775], [-78.2971, 0.232803], [-78.297089, 0.232826], [-78.297084, 0.232853], [-78.297076, 0.232892], [-78.297058, 0.232973], [-78.297055, 0.233016], [-78.297052, 0.233038], [-78.297039, 0.23305], [-78.297006, 0.233071], [-78.29698, 0.233101], [-78.29697, 0.233124], [-78.296954, 0.233143], [-78.29692, 0.23317], [-78.296876, 0.233199], [-78.296791, 0.23324], [-78.296731, 0.233267], [-78.296672, 0.233301], [-78.296597, 0.233347], [-78.296536, 0.233381], [-78.296504, 0.233398], [-78.296475, 0.233429], [-78.296404, 0.233506], [-78.2964, 0.23351], [-78.296399, 0.233511], [-78.296379, 0.233536], [-78.296377, 0.233535], [-78.296365, 0.233522], [-78.296345, 0.233509], [-78.296318, 0.233501], [-78.296297, 0.233502], [-78.296272, 0.233507], [-78.296262, 0.233515], [-78.296243, 0.233529], [-78.296202, 0.233566], [-78.29617, 0.233602], [-78.296129, 0.233645], [-78.296097, 0.233679], [-78.29608, 0.233697], [-78.296028, 0.233742], [-78.295931, 0.233814], [-78.295905, 0.233828], [-78.295865, 0.233847], [-78.295833, 0.233854], [-78.295793, 0.233858], [-78.295744, 0.233858], [-78.295697, 0.233857], [-78.295644, 0.233857], [-78.295593, 0.233864], [-78.295587, 0.233866], [-78.29558, 0.23387], [-78.295556, 0.233884], [-78.295516, 0.233909], [-78.295468, 0.233954], [-78.295424, 0.234006], [-78.295388, 0.234071], [-78.295354, 0.234134], [-78.295298, 0.2343], [-78.295291, 0.234341], [-78.295284, 0.234378], [-78.29528, 0.234401], [-78.295279, 0.234437], [-78.295275, 0.234489], [-78.295274, 0.234594], [-78.295271, 0.234869], [-78.295268, 0.235036], [-78.295255, 0.235093], [-78.29525, 0.235116], [-78.295242, 0.23515], [-78.295216, 0.235207], [-78.29513, 0.23533], [-78.295123, 0.235324], [-78.295073, 0.235257], [-78.294963, 0.235108], [-78.294838, 0.234939], [-78.29473, 0.234791], [-78.294725, 0.234779], [-78.294718, 0.234762], [-78.294718, 0.23474], [-78.29472, 0.234717], [-78.294728, 0.234695], [-78.294739, 0.234673], [-78.294835, 0.234574], [-78.29503, 0.234402], [-78.295041, 0.234393], [-78.295061, 0.234377], [-78.295085, 0.234353], [-78.295097, 0.234341], [-78.295108, 0.234288], [-78.295126, 0.234224], [-78.295126, 0.234201], [-78.295126, 0.234175], [-78.295124, 0.234153], [-78.295116, 0.234124], [-78.295102, 0.234087], [-78.295101, 0.234085], [-78.295097, 0.234079], [-78.295092, 0.234073], [-78.295083, 0.234061], [-78.295082, 0.234059], [-78.294955, 0.233899]]]], "type": "MultiPolygon"}}, {"type": "Feature", "properties": {"sc": "13", "num_muestra": 13, "codigo_muestra": "13", "tipologia": "E", "etiqueta": "13|E", "etiquetaSC": "13|E", "parroquia": "SAN JOSE DE QUICHINCHE", "circunscripcion": "CIRCUNSCRIPCION RURAL", "canton": "OTAVALO", "sec_anm": "100455001005", "pob_t": 402.0, "v_pres": 98.0, "dens_pob": 1244.58, "bbox": [[-78.299172, 0.22553], [-78.28904, 0.234626]], "centroid": [-78.293288, 0.230084]}, "geometry": {"coordinates": [[[[-78.290389, 0.232555], [-78.290727, 0.23204], [-78.290787, 0.23195], [-78.290923, 0.231805], [-78.291037, 0.231719], [-78.2911, 0.231681], [-78.291161, 0.23167], [-78.29123, 0.231667], [-78.291357, 0.23168], [-78.291366, 0.231681], [-78.291354, 0.231658], [-78.29124, 0.231445], [-78.291166, 0.231305], [-78.291139, 0.231254], [-78.291124, 0.231226], [-78.291003, 0.231013], [-78.290997, 0.231002], [-78.290843, 0.23073], [-78.290829, 0.230706], [-78.290804, 0.230661], [-78.290801, 0.230656], [-78.290835, 0.230626], [-78.290883, 0.230582], [-78.290942, 0.230499], [-78.291006, 0.230444], [-78.291056, 0.230423], [-78.291106, 0.230415], [-78.29121, 0.230402], [-78.291293, 0.230367], [-78.291294, 0.230367], [-78.291367, 0.230322], [-78.291439, 0.230254], [-78.291502, 0.23018], [-78.291567, 0.23011], [-78.291687, 0.230025], [-78.291719, 0.230003], [-78.29186, 0.229904], [-78.292007, 0.2298], [-78.292145, 0.229702], [-78.292213, 0.229641], [-78.292253, 0.229553], [-78.292268, 0.229471], [-78.2923, 0.229388], [-78.29235, 0.229292], [-78.292375, 0.229249], [-78.292392, 0.229226], [-78.29244, 0.229159], [-78.29245, 0.229145], [-78.292581, 0.228967], [-78.292596, 0.228953], [-78.292659, 0.228897], [-78.292662, 0.228894], [-78.292746, 0.228819], [-78.292867, 0.228728], [-78.293001, 0.228643], [-78.293213, 0.228509], [-78.293354, 0.228421], [-78.293484, 0.228326], [-78.293711, 0.228159], [-78.293768, 0.228105], [-78.29382, 0.228055], [-78.293879, 0.227999], [-78.293942, 0.22795], [-78.29399, 0.227909], [-78.294017, 0.22789], [-78.294069, 0.227848], [-78.294116, 0.227806], [-78.294214, 0.227717], [-78.294329, 0.227645], [-78.294497, 0.227568], [-78.294551, 0.227538], [-78.29465, 0.227489], [-78.294776, 0.227421], [-78.294818, 0.227405], [-78.294859, 0.22739], [-78.294875, 0.227384], [-78.294883, 0.227363], [-78.29489, 0.227346], [-78.29489, 0.227346], [-78.29489, 0.227343], [-78.294895, 0.227324], [-78.294899, 0.227313], [-78.294906, 0.227306], [-78.294919, 0.227298], [-78.294935, 0.227293], [-78.294954, 0.22729], [-78.294977, 0.227288], [-78.295002, 0.227284], [-78.295032, 0.227278], [-78.29506, 0.227274], [-78.295087, 0.227269], [-78.295129, 0.227267], [-78.29515, 0.227266], [-78.29517, 0.227268], [-78.295196, 0.227274], [-78.295222, 0.227286], [-78.295246, 0.227298], [-78.295276, 0.227311], [-78.295296, 0.227314], [-78.295321, 0.227316], [-78.295347, 0.227315], [-78.295383, 0.227312], [-78.295415, 0.227306], [-78.295435, 0.227302], [-78.295461, 0.227297], [-78.295486, 0.227287], [-78.295511, 0.227277], [-78.295537, 0.227268], [-78.295564, 0.227258], [-78.295591, 0.227247], [-78.295611, 0.227242], [-78.29564, 0.227231], [-78.295665, 0.22722], [-78.295693, 0.22721], [-78.29572, 0.227203], [-78.295747, 0.227195], [-78.295774, 0.227187], [-78.295801, 0.227179], [-78.295824, 0.227172], [-78.295849, 0.227166], [-78.295874, 0.227158], [-78.295899, 0.227152], [-78.295919, 0.227144], [-78.295946, 0.227132], [-78.295965, 0.227125], [-78.295989, 0.227111], [-78.296003, 0.227101], [-78.296024, 0.227086], [-78.296048, 0.227068], [-78.296064, 0.227053], [-78.296082, 0.227037], [-78.296095, 0.227022], [-78.296109, 0.22701], [-78.296129, 0.226994], [-78.296144, 0.226981], [-78.296168, 0.226966], [-78.296189, 0.22695], [-78.296213, 0.226936], [-78.296228, 0.22692], [-78.296247, 0.226905], [-78.296263, 0.226889], [-78.296285, 0.226873], [-78.296308, 0.226856], [-78.296333, 0.226837], [-78.296349, 0.226827], [-78.296363, 0.226817], [-78.296379, 0.226808], [-78.296392, 0.2268], [-78.296406, 0.226793], [-78.296421, 0.226787], [-78.296452, 0.226775], [-78.296469, 0.226767], [-78.296484, 0.226757], [-78.296503, 0.22674], [-78.296506, 0.226737], [-78.296517, 0.226728], [-78.29653, 0.226715], [-78.296547, 0.226698], [-78.296562, 0.226677], [-78.296572, 0.226661], [-78.296582, 0.226647], [-78.296594, 0.226628], [-78.296602, 0.226614], [-78.296611, 0.2266], [-78.296621, 0.226581], [-78.296629, 0.226565], [-78.296638, 0.226548], [-78.29666, 0.22651], [-78.296676, 0.226485], [-78.296688, 0.226464], [-78.296697, 0.226445], [-78.296707, 0.226426], [-78.296717, 0.226411], [-78.296731, 0.22639], [-78.296744, 0.226374], [-78.296755, 0.226363], [-78.296775, 0.226349], [-78.296791, 0.226334], [-78.296812, 0.226321], [-78.29683, 0.226308], [-78.296845, 0.226293], [-78.296858, 0.226281], [-78.296871, 0.226263], [-78.296883, 0.226243], [-78.2969, 0.226219], [-78.296914, 0.226202], [-78.296927, 0.226186], [-78.296944, 0.226166], [-78.296959, 0.226148], [-78.296972, 0.226134], [-78.29699, 0.226113], [-78.297004, 0.226093], [-78.297018, 0.226073], [-78.297033, 0.226052], [-78.297048, 0.226028], [-78.297065, 0.226007], [-78.297075, 0.225989], [-78.297089, 0.225968], [-78.297103, 0.225949], [-78.297122, 0.225931], [-78.29714, 0.225912], [-78.297157, 0.225892], [-78.297176, 0.225871], [-78.297191, 0.225856], [-78.297202, 0.225842], [-78.297219, 0.225827], [-78.297232, 0.225811], [-78.297244, 0.225795], [-78.297255, 0.225778], [-78.29727, 0.225757], [-78.297283, 0.225737], [-78.297298, 0.225719], [-78.297308, 0.225706], [-78.29732, 0.225693], [-78.297338, 0.225679], [-78.297356, 0.225666], [-78.297368, 0.22565], [-78.297383, 0.225633], [-78.297395, 0.225615], [-78.297406, 0.225601], [-78.297418, 0.225589], [-78.297431, 0.225577], [-78.297442, 0.225569], [-78.297453, 0.225563], [-78.297464, 0.225557], [-78.2975, 0.225543], [-78.297504, 0.225541], [-78.297507, 0.22554], [-78.297517, 0.225536], [-78.297524, 0.225534], [-78.297535, 0.22553], [-78.29753, 0.225546], [-78.297528, 0.225591], [-78.297532, 0.225666], [-78.297539, 0.225792], [-78.297549, 0.225859], [-78.297581, 0.225979], [-78.2976, 0.226026], [-78.297633, 0.226107], [-78.297643, 0.226166], [-78.297676, 0.22629], [-78.297724, 0.226401], [-78.297725, 0.226403], [-78.297788, 0.22656], [-78.297832, 0.226616], [-78.298006, 0.22691], [-78.298066, 0.227054], [-78.298139, 0.227268], [-78.298155, 0.227307], [-78.298183, 0.22736], [-78.298208, 0.227406], [-78.298229, 0.227423], [-78.298233, 0.227428], [-78.298252, 0.227451], [-78.298295, 0.227482], [-78.298331, 0.227502], [-78.298373, 0.227524], [-78.298454, 0.227563], [-78.298458, 0.227565], [-78.298623, 0.227654], [-78.298691, 0.227694], [-78.298738, 0.227721], [-78.298768, 0.227738], [-78.298939, 0.227845], [-78.299126, 0.227947], [-78.299151, 0.227961], [-78.299154, 0.227963], [-78.299172, 0.227976], [-78.29916, 0.228005], [-78.299153, 0.228021], [-78.299139, 0.228056], [-78.299111, 0.228119], [-78.299078, 0.228194], [-78.299062, 0.228223], [-78.299039, 0.228266], [-78.298997, 0.228332], [-78.298915, 0.228435], [-78.298822, 0.228536], [-78.298747, 0.228645], [-78.298722, 0.228707], [-78.298661, 0.228876], [-78.298639, 0.228964], [-78.298577, 0.229144], [-78.298522, 0.229236], [-78.298454, 0.229306], [-78.298379, 0.229342], [-78.298279, 0.229358], [-78.298073, 0.229357], [-78.297875, 0.229363], [-78.297814, 0.229363], [-78.297713, 0.229363], [-78.297521, 0.229362], [-78.297465, 0.229366], [-78.297408, 0.229382], [-78.297314, 0.229427], [-78.297062, 0.229558], [-78.296951, 0.229648], [-78.296891, 0.229735], [-78.296776, 0.229902], [-78.296691, 0.230093], [-78.296524, 0.230493], [-78.2965, 0.230565], [-78.296475, 0.230639], [-78.296454, 0.230697], [-78.296442, 0.230729], [-78.296395, 0.230856], [-78.296371, 0.230936], [-78.29637, 0.230939], [-78.296325, 0.231086], [-78.296248, 0.231177], [-78.29622, 0.231197], [-78.296171, 0.231232], [-78.29617, 0.231233], [-78.296169, 0.231234], [-78.296088, 0.231276], [-78.295965, 0.231318], [-78.29583, 0.231345], [-78.295797, 0.231101], [-78.295744, 0.230853], [-78.295697, 0.230697], [-78.295625, 0.230523], [-78.295567, 0.230312], [-78.295544, 0.23022], [-78.29553, 0.230132], [-78.295545, 0.230076], [-78.295597, 0.229964], [-78.295609, 0.229945], [-78.295329, 0.22969], [-78.29522, 0.22959], [-78.295166, 0.229692], [-78.295152, 0.229718], [-78.295135, 0.229753], [-78.295132, 0.22976], [-78.295061, 0.229911], [-78.295008, 0.230028], [-78.294936, 0.230145], [-78.294869, 0.230276], [-78.294784, 0.230468], [-78.294722, 0.230646], [-78.294687, 0.230722], [-78.294625, 0.23081], [-78.294624, 0.230811], [-78.294523, 0.230923], [-78.294521, 0.230925], [-78.294377, 0.231086], [-78.294284, 0.231191], [-78.294223, 0.231252], [-78.294158, 0.231317], [-78.294111, 0.231365], [-78.293952, 0.231465], [-78.293806, 0.231573], [-78.293705, 0.231665], [-78.293551, 0.231807], [-78.293385, 0.231964], [-78.293203, 0.232143], [-78.293028, 0.232315], [-78.29298, 0.232369], [-78.292852, 0.232165], [-78.292841, 0.232156], [-78.292829, 0.232153], [-78.292816, 0.232151], [-78.292803, 0.232154], [-78.292581, 0.232209], [-78.292442, 0.232243], [-78.292153, 0.23231], [-78.291997, 0.232331], [-78.291866, 0.232338], [-78.291579, 0.232343], [-78.291515, 0.23235], [-78.291328, 0.232371], [-78.291463, 0.232584], [-78.291359, 0.232682], [-78.291272, 0.232761], [-78.291255, 0.232783], [-78.291069, 0.233028], [-78.290844, 0.233331], [-78.290647, 0.233604], [-78.290612, 0.23364], [-78.290587, 0.233652], [-78.290487, 0.233684], [-78.290346, 0.233715], [-78.290289, 0.233726], [-78.290052, 0.233774], [-78.290051, 0.23379], [-78.290063, 0.233923], [-78.290088, 0.233985], [-78.290119, 0.234046], [-78.290154, 0.234103], [-78.290194, 0.234158], [-78.290239, 0.234208], [-78.290287, 0.234255], [-78.290339, 0.234298], [-78.290311, 0.234308], [-78.290253, 0.234324], [-78.290188, 0.234342], [-78.29004, 0.234367], [-78.289919, 0.234392], [-78.289827, 0.234416], [-78.289685, 0.234466], [-78.289515, 0.234537], [-78.289432, 0.234572], [-78.289285, 0.234626], [-78.289284, 0.234623], [-78.289088, 0.234237], [-78.289069, 0.234202], [-78.289053, 0.234167], [-78.28904, 0.234137], [-78.289042, 0.234124], [-78.289047, 0.23412], [-78.289055, 0.234113], [-78.289092, 0.234082], [-78.289124, 0.234054], [-78.289185, 0.234001], [-78.289222, 0.23397], [-78.289237, 0.233954], [-78.289498, 0.233665], [-78.289606, 0.233532], [-78.289628, 0.233501], [-78.289646, 0.233467], [-78.28966, 0.233432], [-78.28967, 0.233395], [-78.289676, 0.233352], [-78.289675, 0.233324], [-78.289677, 0.233297], [-78.289684, 0.233271], [-78.289695, 0.233246], [-78.289709, 0.233223], [-78.289727, 0.233202], [-78.289748, 0.233185], [-78.289771, 0.233171], [-78.289796, 0.233161], [-78.289877, 0.233141], [-78.289921, 0.233131], [-78.289962, 0.233119], [-78.289995, 0.233098], [-78.290026, 0.233056], [-78.290211, 0.232802], [-78.290389, 0.232555]]]], "type": "MultiPolygon"}}, {"type": "Feature", "properties": {"sc": "14", "num_muestra": 14, "codigo_muestra": "14", "tipologia": "C", "etiqueta": "14|C", "etiquetaSC": "14|C", "parroquia": "SAN JUAN DE ILUMAN", "circunscripcion": "CIRCUNSCRIPCION RURAL", "canton": "OTAVALO", "sec_anm": "100456001001", "pob_t": 545.0, "v_pres": 125.0, "dens_pob": 3748.28, "bbox": [[-78.23131, 0.280778], [-78.226235, 0.285316]], "centroid": [-78.227931, 0.283125]}, "geometry": {"coordinates": [[[[-78.227123, 0.284476], [-78.226934, 0.284387], [-78.226796, 0.284487], [-78.22666, 0.284586], [-78.226602, 0.284554], [-78.226385, 0.284435], [-78.226367, 0.284425], [-78.226318, 0.284402], [-78.226306, 0.284396], [-78.226359, 0.284265], [-78.226373, 0.284126], [-78.226373, 0.283928], [-78.226373, 0.283917], [-78.22637, 0.28386], [-78.226367, 0.283752], [-78.22637, 0.283611], [-78.226373, 0.28356], [-78.226372, 0.283501], [-78.226353, 0.283291], [-78.226245, 0.282959], [-78.226235, 0.282857], [-78.226369, 0.282675], [-78.226528, 0.282338], [-78.226655, 0.28207], [-78.226693, 0.281994], [-78.226804, 0.281769], [-78.226827, 0.281685], [-78.226839, 0.281559], [-78.22683, 0.281409], [-78.22682, 0.281315], [-78.226814, 0.281261], [-78.22684, 0.281207], [-78.226886, 0.281151], [-78.227008, 0.281059], [-78.227041, 0.281022], [-78.227053, 0.281009], [-78.227061, 0.280996], [-78.22707, 0.280983], [-78.227822, 0.281324], [-78.227717, 0.281449], [-78.227927, 0.281629], [-78.228061, 0.2817], [-78.228711, 0.281933], [-78.22926, 0.282143], [-78.229945, 0.280778], [-78.23047, 0.281013], [-78.230912, 0.281254], [-78.23131, 0.281427], [-78.230939, 0.282175], [-78.230552, 0.282954], [-78.230047, 0.282779], [-78.229744, 0.282667], [-78.22973, 0.282699], [-78.229429, 0.283471], [-78.229382, 0.283591], [-78.229213, 0.283945], [-78.229016, 0.284356], [-78.228622, 0.285169], [-78.22855, 0.285316], [-78.228163, 0.285046], [-78.227938, 0.284888], [-78.227912, 0.284873], [-78.227909, 0.284872], [-78.227909, 0.284871], [-78.227906, 0.28487], [-78.227906, 0.28487], [-78.227794, 0.284813], [-78.227667, 0.284749], [-78.227623, 0.284727], [-78.227553, 0.284691], [-78.227494, 0.284661], [-78.227161, 0.284493], [-78.227123, 0.284476]]]], "type": "MultiPolygon"}}, {"type": "Feature", "properties": {"sc": "15", "num_muestra": 15, "codigo_muestra": "15", "tipologia": "A", "etiqueta": "15|A", "etiquetaSC": "15|A", "parroquia": "SAN JUAN DE ILUMAN", "circunscripcion": "CIRCUNSCRIPCION RURAL", "canton": "OTAVALO", "sec_anm": "100456902001", "pob_t": 414.0, "v_pres": 90.0, "dens_pob": 1870.76, "bbox": [[-78.257014, 0.27438], [-78.250531, 0.279619]], "centroid": [-78.253687, 0.276996]}, "geometry": {"coordinates": [[[[-78.253539, 0.278156], [-78.253263, 0.277626], [-78.253237, 0.277653], [-78.253133, 0.277764], [-78.252988, 0.277918], [-78.252857, 0.278058], [-78.252848, 0.278067], [-78.252848, 0.278067], [-78.252694, 0.278227], [-78.252375, 0.278558], [-78.252207, 0.278733], [-78.252199, 0.278741], [-78.252197, 0.278743], [-78.252192, 0.278749], [-78.251794, 0.278437], [-78.251613, 0.278295], [-78.251387, 0.278117], [-78.25057, 0.2773], [-78.250531, 0.277261], [-78.251065, 0.276717], [-78.251093, 0.276683], [-78.251095, 0.27668], [-78.25113, 0.276636], [-78.251196, 0.276559], [-78.251329, 0.276414], [-78.251593, 0.276126], [-78.251624, 0.276098], [-78.251449, 0.275941], [-78.251422, 0.275918], [-78.251401, 0.2759], [-78.251418, 0.275881], [-78.251819, 0.275366], [-78.251896, 0.275255], [-78.252007, 0.275107], [-78.252025, 0.275082], [-78.252094, 0.275002], [-78.252457, 0.274724], [-78.252625, 0.274588], [-78.252693, 0.274547], [-78.252893, 0.274475], [-78.253002, 0.274423], [-78.253092, 0.27438], [-78.253095, 0.274383], [-78.253102, 0.274394], [-78.253116, 0.274414], [-78.253117, 0.274416], [-78.253118, 0.274418], [-78.253346, 0.274775], [-78.253495, 0.27501], [-78.253726, 0.275317], [-78.254055, 0.275707], [-78.254648, 0.275123], [-78.254633, 0.275156], [-78.254633, 0.275167], [-78.254632, 0.275183], [-78.254636, 0.275226], [-78.254643, 0.275269], [-78.254655, 0.275311], [-78.254676, 0.275376], [-78.254735, 0.275469], [-78.254758, 0.275505], [-78.254833, 0.275622], [-78.254904, 0.275729], [-78.254929, 0.275763], [-78.255195, 0.276126], [-78.25568, 0.275785], [-78.255783, 0.275713], [-78.255786, 0.275711], [-78.256058, 0.27552], [-78.256077, 0.275507], [-78.256171, 0.275626], [-78.256213, 0.275688], [-78.256227, 0.275729], [-78.25623, 0.27577], [-78.256221, 0.275794], [-78.256217, 0.275822], [-78.256202, 0.275987], [-78.256197, 0.276033], [-78.256187, 0.276109], [-78.256172, 0.276196], [-78.256157, 0.276284], [-78.256153, 0.276314], [-78.256154, 0.276322], [-78.256155, 0.276378], [-78.256156, 0.276409], [-78.256158, 0.276426], [-78.256161, 0.276448], [-78.25617, 0.276474], [-78.256186, 0.27651], [-78.256196, 0.276537], [-78.256202, 0.276558], [-78.256209, 0.276584], [-78.256221, 0.276611], [-78.256224, 0.276615], [-78.256244, 0.276641], [-78.256282, 0.27666], [-78.256355, 0.27668], [-78.25638, 0.276689], [-78.256403, 0.276701], [-78.256428, 0.276732], [-78.25645, 0.276784], [-78.256471, 0.276832], [-78.256503, 0.27688], [-78.256567, 0.276965], [-78.256598, 0.277027], [-78.256613, 0.277088], [-78.256621, 0.277165], [-78.256626, 0.277248], [-78.256629, 0.277285], [-78.25663, 0.277297], [-78.256633, 0.277329], [-78.25665, 0.277374], [-78.256688, 0.277448], [-78.256726, 0.277507], [-78.256734, 0.277534], [-78.256736, 0.277559], [-78.256725, 0.277594], [-78.256723, 0.277612], [-78.256729, 0.277637], [-78.256757, 0.277682], [-78.256784, 0.277729], [-78.256818, 0.277784], [-78.256836, 0.277797], [-78.256851, 0.277801], [-78.256864, 0.277807], [-78.256878, 0.277816], [-78.256882, 0.277826], [-78.256883, 0.277861], [-78.25689, 0.277947], [-78.256897, 0.278011], [-78.256904, 0.278055], [-78.256912, 0.278073], [-78.256925, 0.278088], [-78.256948, 0.278105], [-78.256965, 0.278115], [-78.256974, 0.27813], [-78.256979, 0.278147], [-78.256986, 0.27818], [-78.256994, 0.278198], [-78.257014, 0.278216], [-78.256973, 0.278236], [-78.256928, 0.278259], [-78.25678, 0.278333], [-78.256645, 0.278407], [-78.25656, 0.278453], [-78.256478, 0.278498], [-78.2558, 0.278868], [-78.255799, 0.278869], [-78.255652, 0.278949], [-78.255652, 0.27895], [-78.255176, 0.27921], [-78.255147, 0.279226], [-78.254925, 0.279347], [-78.254856, 0.279385], [-78.254831, 0.279398], [-78.254742, 0.279447], [-78.254622, 0.279513], [-78.254602, 0.279524], [-78.25445, 0.279607], [-78.254427, 0.279619], [-78.2542, 0.27947], [-78.254199, 0.27947], [-78.254192, 0.279466], [-78.254182, 0.279459], [-78.254067, 0.279193], [-78.253934, 0.278885], [-78.25373, 0.278389], [-78.253719, 0.278363], [-78.253707, 0.278334], [-78.253681, 0.278306], [-78.253539, 0.278156]]]], "type": "MultiPolygon"}}, {"type": "Feature", "properties": {"sc": "16", "num_muestra": 16, "codigo_muestra": "16", "tipologia": "G", "etiqueta": "16|G", "etiquetaSC": "16|G", "parroquia": "SAN JUAN DE ILUMAN", "circunscripcion": "CIRCUNSCRIPCION RURAL", "canton": "OTAVALO", "sec_anm": "100456902005", "pob_t": 318.0, "v_pres": 73.0, "dens_pob": 4704.14, "bbox": [[-78.247949, 0.269615], [-78.244652, 0.273683]], "centroid": [-78.246379, 0.271667]}, "geometry": {"coordinates": [[[[-78.244653, 0.272564], [-78.244652, 0.272554], [-78.244652, 0.272553], [-78.244652, 0.27255], [-78.244661, 0.27248], [-78.244666, 0.272436], [-78.244689, 0.272383], [-78.244697, 0.272366], [-78.244702, 0.272356], [-78.244731, 0.272292], [-78.244741, 0.272268], [-78.244744, 0.272263], [-78.244748, 0.272253], [-78.244753, 0.272246], [-78.244807, 0.272173], [-78.244831, 0.272139], [-78.245039, 0.271854], [-78.245089, 0.271785], [-78.245332, 0.271498], [-78.245875, 0.271008], [-78.245875, 0.271008], [-78.245875, 0.271008], [-78.246039, 0.270822], [-78.246288, 0.27054], [-78.246369, 0.270448], [-78.246387, 0.270428], [-78.246639, 0.270712], [-78.246817, 0.270941], [-78.246956, 0.270809], [-78.247146, 0.27063], [-78.247481, 0.270286], [-78.24757, 0.270198], [-78.247616, 0.270122], [-78.247699, 0.269975], [-78.24778, 0.269838], [-78.247881, 0.269705], [-78.247918, 0.269655], [-78.247949, 0.269615], [-78.247943, 0.269656], [-78.247939, 0.269686], [-78.247938, 0.269688], [-78.247932, 0.269718], [-78.247927, 0.26974], [-78.247923, 0.269781], [-78.247924, 0.269845], [-78.247924, 0.269894], [-78.247924, 0.269899], [-78.247923, 0.270018], [-78.247923, 0.270047], [-78.247919, 0.270081], [-78.247913, 0.270146], [-78.247891, 0.270283], [-78.24789, 0.270303], [-78.24789, 0.270305], [-78.247889, 0.270312], [-78.247888, 0.270326], [-78.247884, 0.270386], [-78.247883, 0.270409], [-78.247882, 0.270418], [-78.247882, 0.270429], [-78.247882, 0.270441], [-78.247882, 0.270445], [-78.247882, 0.270516], [-78.247886, 0.270548], [-78.247886, 0.270593], [-78.247886, 0.270641], [-78.247887, 0.270658], [-78.247885, 0.270724], [-78.247882, 0.27078], [-78.247878, 0.270825], [-78.247865, 0.270864], [-78.247861, 0.270874], [-78.247853, 0.270896], [-78.247846, 0.270917], [-78.247842, 0.270925], [-78.247828, 0.270955], [-78.2478, 0.270984], [-78.247789, 0.270995], [-78.247754, 0.271032], [-78.247737, 0.271048], [-78.247711, 0.271072], [-78.24768, 0.271101], [-78.24766, 0.271119], [-78.247634, 0.271137], [-78.247627, 0.271143], [-78.247593, 0.271165], [-78.247551, 0.271193], [-78.247492, 0.271225], [-78.247479, 0.271235], [-78.247443, 0.271262], [-78.247397, 0.271291], [-78.247389, 0.271297], [-78.24739, 0.271299], [-78.247399, 0.271312], [-78.247417, 0.271339], [-78.247446, 0.271382], [-78.247462, 0.271411], [-78.247488, 0.271458], [-78.247516, 0.271505], [-78.247528, 0.271526], [-78.247532, 0.271533], [-78.247548, 0.271568], [-78.247553, 0.27158], [-78.247571, 0.271619], [-78.247573, 0.271648], [-78.247567, 0.271686], [-78.24756, 0.271712], [-78.247558, 0.271721], [-78.247557, 0.271729], [-78.247538, 0.271741], [-78.247523, 0.27175], [-78.247509, 0.271759], [-78.247486, 0.271774], [-78.247373, 0.271849], [-78.247282, 0.271922], [-78.246911, 0.272208], [-78.246833, 0.272268], [-78.246809, 0.272287], [-78.24669, 0.272379], [-78.24669, 0.272379], [-78.246689, 0.272379], [-78.246689, 0.27238], [-78.246688, 0.272381], [-78.246687, 0.272381], [-78.246687, 0.272381], [-78.246687, 0.272382], [-78.246685, 0.272383], [-78.24668, 0.272386], [-78.246676, 0.27239], [-78.246675, 0.27239], [-78.246675, 0.272391], [-78.246674, 0.272391], [-78.246702, 0.272421], [-78.246664, 0.272473], [-78.246564, 0.272613], [-78.246513, 0.272685], [-78.246454, 0.272751], [-78.246384, 0.272831], [-78.246324, 0.272898], [-78.246239, 0.272994], [-78.246216, 0.27302], [-78.246205, 0.273033], [-78.246195, 0.273044], [-78.246162, 0.273085], [-78.246093, 0.273166], [-78.246076, 0.273186], [-78.245989, 0.273287], [-78.24598, 0.273297], [-78.245972, 0.273307], [-78.245971, 0.273308], [-78.24597, 0.273309], [-78.245968, 0.273312], [-78.245756, 0.273387], [-78.245755, 0.273387], [-78.245743, 0.273391], [-78.245736, 0.273394], [-78.245684, 0.273439], [-78.245642, 0.273476], [-78.245611, 0.273502], [-78.245411, 0.273683], [-78.245358, 0.273615], [-78.245344, 0.273598], [-78.245276, 0.273517], [-78.244923, 0.273094], [-78.244868, 0.27302], [-78.244835, 0.272962], [-78.244748, 0.272817], [-78.244714, 0.272756], [-78.244695, 0.272711], [-78.244684, 0.272683], [-78.24466, 0.27262], [-78.244653, 0.27259], [-78.244653, 0.272564]]]], "type": "MultiPolygon"}}, {"type": "Feature", "properties": {"sc": "17", "num_muestra": 17, "codigo_muestra": "17", "tipologia": "D", "etiqueta": "17|D", "etiquetaSC": "17|D", "parroquia": "SAN JUAN DE ILUMAN", "circunscripcion": "CIRCUNSCRIPCION RURAL", "canton": "OTAVALO", "sec_anm": "100456001006", "pob_t": 352.0, "v_pres": 88.0, "dens_pob": 2086.54, "bbox": [[-78.23229, 0.26884], [-78.226147, 0.273718]], "centroid": [-78.228621, 0.27128]}, "geometry": {"coordinates": [[[[-78.226258, 0.268848], [-78.226269, 0.268846], [-78.226301, 0.26884], [-78.226329, 0.268843], [-78.226356, 0.268845], [-78.226464, 0.268871], [-78.226512, 0.268881], [-78.226534, 0.268885], [-78.226574, 0.268894], [-78.226632, 0.268906], [-78.226666, 0.268913], [-78.226708, 0.268921], [-78.226881, 0.268962], [-78.227024, 0.268996], [-78.227146, 0.269025], [-78.227276, 0.269056], [-78.227293, 0.269059], [-78.227409, 0.269087], [-78.227506, 0.269107], [-78.22752, 0.26911], [-78.227604, 0.269135], [-78.227644, 0.269147], [-78.2277, 0.269164], [-78.227707, 0.269166], [-78.227721, 0.269171], [-78.227757, 0.269182], [-78.22782, 0.269202], [-78.227853, 0.269213], [-78.227858, 0.269214], [-78.227939, 0.269244], [-78.227971, 0.269256], [-78.227979, 0.269259], [-78.228018, 0.269273], [-78.228129, 0.269313], [-78.22826, 0.269364], [-78.22831, 0.269384], [-78.228325, 0.26939], [-78.22834, 0.269396], [-78.228405, 0.269421], [-78.228447, 0.269437], [-78.228504, 0.26946], [-78.228511, 0.269462], [-78.228512, 0.269463], [-78.228533, 0.269472], [-78.228529, 0.269476], [-78.22852, 0.269484], [-78.228498, 0.269503], [-78.228493, 0.269507], [-78.228471, 0.269569], [-78.22846, 0.269601], [-78.228457, 0.269609], [-78.228452, 0.269624], [-78.228439, 0.269659], [-78.228436, 0.269667], [-78.228413, 0.269731], [-78.22839, 0.269792], [-78.228345, 0.269917], [-78.22832, 0.269987], [-78.228294, 0.270052], [-78.228274, 0.270097], [-78.228271, 0.2701], [-78.228299, 0.270112], [-78.228956, 0.270375], [-78.228978, 0.270383], [-78.228985, 0.270386], [-78.229401, 0.270549], [-78.229509, 0.270591], [-78.22962, 0.270634], [-78.229634, 0.270641], [-78.229683, 0.270663], [-78.229743, 0.270688], [-78.229867, 0.270748], [-78.229876, 0.27075], [-78.229906, 0.270757], [-78.229932, 0.270751], [-78.229953, 0.270734], [-78.229973, 0.270714], [-78.229988, 0.270698], [-78.229995, 0.270694], [-78.229995, 0.270694], [-78.230007, 0.270687], [-78.230012, 0.270684], [-78.230017, 0.270681], [-78.230037, 0.270669], [-78.230044, 0.270666], [-78.230112, 0.270633], [-78.230135, 0.270625], [-78.230148, 0.27062], [-78.23019, 0.270604], [-78.230238, 0.27058], [-78.230248, 0.270575], [-78.230263, 0.270567], [-78.230297, 0.27055], [-78.230303, 0.270547], [-78.23032, 0.270536], [-78.230346, 0.270519], [-78.230349, 0.270517], [-78.230353, 0.270515], [-78.230407, 0.270475], [-78.230445, 0.270447], [-78.230494, 0.27041], [-78.230521, 0.270391], [-78.230553, 0.270368], [-78.230558, 0.270364], [-78.230573, 0.270354], [-78.230574, 0.270353], [-78.230586, 0.270345], [-78.230592, 0.27034], [-78.230604, 0.270331], [-78.230627, 0.270365], [-78.230629, 0.270368], [-78.230643, 0.270383], [-78.230655, 0.270398], [-78.230688, 0.27042], [-78.230746, 0.270446], [-78.230823, 0.270474], [-78.23094, 0.270513], [-78.23104, 0.270545], [-78.231091, 0.270562], [-78.231165, 0.270586], [-78.231172, 0.270588], [-78.231197, 0.270597], [-78.231202, 0.270598], [-78.231221, 0.270604], [-78.231244, 0.270612], [-78.23125, 0.270613], [-78.231299, 0.270621], [-78.231322, 0.270624], [-78.231332, 0.270625], [-78.231342, 0.270626], [-78.231341, 0.270634], [-78.231339, 0.270648], [-78.231338, 0.270654], [-78.231326, 0.270673], [-78.231288, 0.270719], [-78.231219, 0.270785], [-78.231185, 0.270817], [-78.231166, 0.270833], [-78.23116, 0.270839], [-78.231159, 0.270838], [-78.231092, 0.270895], [-78.230985, 0.27099], [-78.230964, 0.271011], [-78.230931, 0.271044], [-78.230925, 0.27105], [-78.230875, 0.2711], [-78.230787, 0.271172], [-78.231573, 0.271449], [-78.231294, 0.27243], [-78.231324, 0.27244], [-78.231379, 0.272458], [-78.231498, 0.272497], [-78.231615, 0.272532], [-78.231649, 0.272543], [-78.231717, 0.272565], [-78.231859, 0.272605], [-78.231892, 0.272624], [-78.231934, 0.272635], [-78.232032, 0.272659], [-78.232165, 0.272696], [-78.232217, 0.27271], [-78.232255, 0.272721], [-78.23229, 0.27273], [-78.23229, 0.27273], [-78.232286, 0.272747], [-78.232285, 0.272753], [-78.232276, 0.2728], [-78.232256, 0.272888], [-78.232253, 0.272905], [-78.232223, 0.273043], [-78.232193, 0.273158], [-78.232178, 0.273214], [-78.232168, 0.273251], [-78.232135, 0.273381], [-78.232083, 0.273587], [-78.232068, 0.273668], [-78.232059, 0.273718], [-78.232056, 0.273717], [-78.232028, 0.273709], [-78.231962, 0.273688], [-78.23182, 0.273645], [-78.231794, 0.273633], [-78.231789, 0.273631], [-78.231773, 0.273623], [-78.231773, 0.273623], [-78.231672, 0.273577], [-78.231654, 0.273569], [-78.23158, 0.273535], [-78.231541, 0.273515], [-78.231511, 0.2735], [-78.231478, 0.273484], [-78.231382, 0.273439], [-78.231321, 0.27341], [-78.231263, 0.273382], [-78.2312, 0.273351], [-78.231085, 0.273295], [-78.231065, 0.273285], [-78.231047, 0.273275], [-78.231029, 0.273268], [-78.231022, 0.273265], [-78.230902, 0.27321], [-78.230801, 0.27317], [-78.230689, 0.273121], [-78.230572, 0.273071], [-78.230465, 0.273023], [-78.230446, 0.273015], [-78.23038, 0.272986], [-78.230292, 0.272948], [-78.230271, 0.27294], [-78.230263, 0.272937], [-78.230169, 0.272903], [-78.230109, 0.272882], [-78.230056, 0.272866], [-78.230023, 0.272855], [-78.229927, 0.272833], [-78.229841, 0.272818], [-78.229784, 0.272809], [-78.229744, 0.272803], [-78.229703, 0.272801], [-78.229664, 0.272798], [-78.229664, 0.272798], [-78.22966, 0.272797], [-78.229657, 0.272797], [-78.229649, 0.272796], [-78.229121, 0.272752], [-78.229101, 0.272749], [-78.228928, 0.272712], [-78.228719, 0.272669], [-78.228682, 0.272661], [-78.228616, 0.272647], [-78.228553, 0.272634], [-78.228401, 0.272602], [-78.228005, 0.272522], [-78.227968, 0.272514], [-78.227883, 0.272497], [-78.227838, 0.272459], [-78.227825, 0.272418], [-78.227884, 0.272197], [-78.227906, 0.272114], [-78.22792, 0.272074], [-78.227912, 0.272019], [-78.227884, 0.271988], [-78.227778, 0.27191], [-78.227695, 0.271864], [-78.227656, 0.271864], [-78.227624, 0.271856], [-78.227612, 0.271854], [-78.227594, 0.271848], [-78.227546, 0.271835], [-78.227534, 0.271831], [-78.227514, 0.271825], [-78.227513, 0.271825], [-78.227371, 0.271759], [-78.227145, 0.271653], [-78.227092, 0.271628], [-78.226687, 0.271439], [-78.22643, 0.271363], [-78.226147, 0.271287], [-78.226147, 0.271284], [-78.22615, 0.271276], [-78.226154, 0.271263], [-78.226154, 0.271263], [-78.226164, 0.271234], [-78.2262, 0.271109], [-78.226205, 0.271092], [-78.226236, 0.270963], [-78.226277, 0.270786], [-78.226307, 0.270626], [-78.226317, 0.270573], [-78.226352, 0.270393], [-78.226361, 0.270331], [-78.226369, 0.270279], [-78.226378, 0.270243], [-78.226381, 0.270234], [-78.226383, 0.270224], [-78.226384, 0.27022], [-78.226374, 0.27016], [-78.226372, 0.270096], [-78.22637, 0.270018], [-78.226365, 0.269941], [-78.226359, 0.269845], [-78.226351, 0.269754], [-78.226349, 0.269741], [-78.226345, 0.269698], [-78.226341, 0.269662], [-78.226335, 0.269625], [-78.226333, 0.269613], [-78.226329, 0.269591], [-78.226318, 0.269492], [-78.226313, 0.26945], [-78.2263, 0.269343], [-78.226288, 0.269245], [-78.226285, 0.269218], [-78.226284, 0.269201], [-78.226283, 0.269193], [-78.226283, 0.269188], [-78.226277, 0.269118], [-78.226272, 0.269074], [-78.226266, 0.269024], [-78.226266, 0.269015], [-78.226259, 0.268941], [-78.226257, 0.268886], [-78.226258, 0.268852], [-78.226258, 0.268848]]]], "type": "MultiPolygon"}}, {"type": "Feature", "properties": {"sc": "18", "num_muestra": 18, "codigo_muestra": "18", "tipologia": "H", "etiqueta": "18|H", "etiquetaSC": "18|H", "parroquia": "SAN PABLO", "circunscripcion": "CIRCUNSCRIPCION RURAL", "canton": "OTAVALO", "sec_anm": "100457002011", "pob_t": 324.0, "v_pres": 89.0, "dens_pob": 776.05, "bbox": [[-78.169752, 0.206783], [-78.16365, 0.217138]], "centroid": [-78.166497, 0.21196]}, "geometry": {"coordinates": [[[[-78.164675, 0.210924], [-78.164718, 0.210819], [-78.164721, 0.210817], [-78.164745, 0.210751], [-78.164749, 0.210737], [-78.164775, 0.210644], [-78.16483, 0.210463], [-78.164849, 0.210399], [-78.164859, 0.21037], [-78.164862, 0.210364], [-78.164936, 0.210158], [-78.165027, 0.209928], [-78.165038, 0.209901], [-78.165093, 0.20977], [-78.165115, 0.209718], [-78.165242, 0.209426], [-78.165316, 0.20926], [-78.165413, 0.209046], [-78.165453, 0.208971], [-78.165529, 0.208828], [-78.165554, 0.208781], [-78.165617, 0.208664], [-78.165623, 0.208652], [-78.165625, 0.20865], [-78.165672, 0.208607], [-78.165727, 0.208588], [-78.165726, 0.208569], [-78.165724, 0.208529], [-78.165745, 0.208434], [-78.165768, 0.208333], [-78.165862, 0.208096], [-78.165933, 0.207927], [-78.165943, 0.207902], [-78.166029, 0.207692], [-78.166088, 0.207548], [-78.166169, 0.207371], [-78.166285, 0.207136], [-78.166305, 0.207096], [-78.166366, 0.206973], [-78.166453, 0.206783], [-78.166466, 0.206786], [-78.166679, 0.206856], [-78.166828, 0.206905], [-78.167038, 0.206987], [-78.167251, 0.207048], [-78.167386, 0.207096], [-78.167481, 0.207124], [-78.167571, 0.207128], [-78.167712, 0.20716], [-78.167987, 0.207258], [-78.168146, 0.20732], [-78.16835, 0.2074], [-78.168501, 0.207462], [-78.168566, 0.207489], [-78.168652, 0.207525], [-78.168695, 0.207543], [-78.168707, 0.207548], [-78.168752, 0.20756], [-78.168968, 0.207641], [-78.169165, 0.207716], [-78.169373, 0.207794], [-78.169478, 0.207829], [-78.16966, 0.207882], [-78.16966, 0.207882], [-78.16966, 0.207882], [-78.169664, 0.207893], [-78.169667, 0.207902], [-78.16967, 0.20791], [-78.169672, 0.207919], [-78.169673, 0.207928], [-78.169675, 0.207937], [-78.169677, 0.207946], [-78.169678, 0.207954], [-78.169681, 0.207963], [-78.169682, 0.207972], [-78.169684, 0.207981], [-78.169685, 0.20799], [-78.169686, 0.207999], [-78.169687, 0.208008], [-78.169687, 0.208017], [-78.169687, 0.208026], [-78.169687, 0.208034], [-78.169687, 0.208043], [-78.169686, 0.208052], [-78.169685, 0.208061], [-78.169684, 0.20807], [-78.169683, 0.208079], [-78.169683, 0.208088], [-78.169682, 0.208097], [-78.16968, 0.208106], [-78.169678, 0.208114], [-78.169674, 0.208123], [-78.169672, 0.208131], [-78.169669, 0.20814], [-78.169665, 0.208148], [-78.169662, 0.208156], [-78.169658, 0.208165], [-78.169654, 0.208173], [-78.16965, 0.208181], [-78.169647, 0.208189], [-78.169643, 0.208197], [-78.169639, 0.208205], [-78.169635, 0.208214], [-78.169633, 0.208222], [-78.169631, 0.208231], [-78.16963, 0.20824], [-78.169628, 0.208249], [-78.169626, 0.208258], [-78.169626, 0.208267], [-78.169626, 0.208276], [-78.169626, 0.208285], [-78.169628, 0.208294], [-78.169629, 0.208302], [-78.169629, 0.208311], [-78.16963, 0.20832], [-78.169632, 0.208329], [-78.169637, 0.208336], [-78.16964, 0.208345], [-78.169644, 0.208353], [-78.169647, 0.208361], [-78.169651, 0.208369], [-78.169655, 0.208378], [-78.16966, 0.208385], [-78.169664, 0.208393], [-78.169669, 0.2084], [-78.169675, 0.208407], [-78.16968, 0.208414], [-78.169684, 0.208422], [-78.169689, 0.20843], [-78.169695, 0.208436], [-78.169702, 0.208442], [-78.169707, 0.208449], [-78.169714, 0.208455], [-78.16972, 0.208462], [-78.169725, 0.208469], [-78.169731, 0.208476], [-78.169736, 0.208484], [-78.169739, 0.208492], [-78.169742, 0.2085], [-78.169745, 0.208509], [-78.169749, 0.208517], [-78.169751, 0.208526], [-78.169752, 0.208535], [-78.16975, 0.208544], [-78.169747, 0.208552], [-78.169744, 0.208561], [-78.169741, 0.208569], [-78.169738, 0.208578], [-78.169734, 0.208586], [-78.169728, 0.208592], [-78.169723, 0.2086], [-78.169716, 0.208606], [-78.169709, 0.208611], [-78.169701, 0.208616], [-78.169693, 0.20862], [-78.169689, 0.208622], [-78.169685, 0.208624], [-78.169677, 0.208627], [-78.169668, 0.208627], [-78.169659, 0.208629], [-78.169651, 0.208632], [-78.169643, 0.208637], [-78.169641, 0.208638], [-78.169636, 0.208642], [-78.169628, 0.208647], [-78.169625, 0.208649], [-78.169621, 0.208653], [-78.169615, 0.208659], [-78.169611, 0.208662], [-78.169608, 0.208665], [-78.169601, 0.208671], [-78.169596, 0.208678], [-78.16959, 0.208685], [-78.169584, 0.208691], [-78.169578, 0.208698], [-78.169572, 0.208709], [-78.169564, 0.208718], [-78.169558, 0.208725], [-78.169553, 0.208732], [-78.169548, 0.208739], [-78.169543, 0.208747], [-78.169538, 0.208754], [-78.169534, 0.208762], [-78.169529, 0.20877], [-78.169525, 0.208778], [-78.169521, 0.208786], [-78.169518, 0.208794], [-78.169514, 0.208802], [-78.169511, 0.20881], [-78.169509, 0.208819], [-78.169508, 0.208828], [-78.169508, 0.208837], [-78.169508, 0.208846], [-78.169508, 0.208855], [-78.169509, 0.208864], [-78.169512, 0.208872], [-78.169516, 0.20888], [-78.169519, 0.208888], [-78.169522, 0.208897], [-78.169526, 0.208905], [-78.16953, 0.208913], [-78.169533, 0.208922], [-78.169536, 0.20893], [-78.169539, 0.208939], [-78.169542, 0.208947], [-78.169546, 0.208955], [-78.169549, 0.208964], [-78.169552, 0.208972], [-78.169554, 0.208981], [-78.169558, 0.208989], [-78.16956, 0.208998], [-78.169562, 0.209007], [-78.169566, 0.209015], [-78.16957, 0.209023], [-78.169573, 0.209031], [-78.169577, 0.20904], [-78.16958, 0.209048], [-78.169583, 0.209056], [-78.169586, 0.209065], [-78.169589, 0.209073], [-78.169592, 0.209082], [-78.169594, 0.209091], [-78.169597, 0.2091], [-78.169598, 0.209108], [-78.1696, 0.209117], [-78.169603, 0.209126], [-78.169605, 0.209135], [-78.169607, 0.209143], [-78.169608, 0.209152], [-78.16961, 0.209161], [-78.169611, 0.20917], [-78.169612, 0.209179], [-78.169613, 0.209188], [-78.169613, 0.209197], [-78.169613, 0.209206], [-78.169613, 0.209215], [-78.169612, 0.209224], [-78.169612, 0.209233], [-78.169611, 0.209242], [-78.16961, 0.209251], [-78.16961, 0.20926], [-78.169609, 0.209269], [-78.169607, 0.209278], [-78.169605, 0.209287], [-78.169603, 0.209295], [-78.1696, 0.209304], [-78.169598, 0.209313], [-78.169595, 0.209321], [-78.169592, 0.20933], [-78.169589, 0.209338], [-78.169587, 0.209347], [-78.169584, 0.209356], [-78.169582, 0.209364], [-78.169579, 0.209373], [-78.169576, 0.209381], [-78.169572, 0.209389], [-78.169568, 0.209397], [-78.169564, 0.209405], [-78.169559, 0.209413], [-78.169555, 0.209421], [-78.16955, 0.209429], [-78.169545, 0.209436], [-78.16954, 0.209444], [-78.169535, 0.209451], [-78.169529, 0.209458], [-78.169523, 0.209464], [-78.169517, 0.209471], [-78.169511, 0.209478], [-78.169505, 0.209484], [-78.169499, 0.209491], [-78.169492, 0.209497], [-78.169486, 0.209504], [-78.169479, 0.20951], [-78.169473, 0.209517], [-78.169467, 0.209523], [-78.169461, 0.20953], [-78.169456, 0.209538], [-78.169454, 0.209546], [-78.16945, 0.209554], [-78.169448, 0.209563], [-78.169446, 0.209572], [-78.169444, 0.20958], [-78.169442, 0.209589], [-78.169442, 0.209597], [-78.169444, 0.209606], [-78.169446, 0.209614], [-78.16945, 0.209621], [-78.169455, 0.209628], [-78.169461, 0.209635], [-78.169468, 0.209641], [-78.169474, 0.209646], [-78.169481, 0.209652], [-78.169487, 0.209659], [-78.169493, 0.209665], [-78.1695, 0.209671], [-78.169505, 0.209678], [-78.169512, 0.209685], [-78.169518, 0.209691], [-78.169525, 0.209697], [-78.169531, 0.209703], [-78.169538, 0.209709], [-78.169544, 0.209716], [-78.16955, 0.209722], [-78.169557, 0.209727], [-78.169564, 0.209733], [-78.169571, 0.209739], [-78.169578, 0.209745], [-78.169583, 0.209752], [-78.169588, 0.20976], [-78.169593, 0.209768], [-78.169598, 0.209775], [-78.169602, 0.209783], [-78.169606, 0.209791], [-78.169609, 0.209799], [-78.169613, 0.209808], [-78.169617, 0.209816], [-78.169619, 0.209824], [-78.16962, 0.209833], [-78.169623, 0.209842], [-78.169625, 0.209851], [-78.169625, 0.20986], [-78.169626, 0.209869], [-78.169624, 0.209878], [-78.169624, 0.209887], [-78.169623, 0.209896], [-78.16962, 0.209904], [-78.169617, 0.209913], [-78.169614, 0.209921], [-78.169611, 0.20993], [-78.169607, 0.209938], [-78.169604, 0.209946], [-78.169599, 0.209954], [-78.169594, 0.209961], [-78.169589, 0.209969], [-78.169587, 0.209972], [-78.169583, 0.209976], [-78.169578, 0.20998], [-78.169577, 0.209982], [-78.169571, 0.209989], [-78.169565, 0.209996], [-78.16956, 0.210003], [-78.169555, 0.21001], [-78.169551, 0.210015], [-78.169549, 0.210017], [-78.169546, 0.21002], [-78.169543, 0.210023], [-78.169537, 0.21003], [-78.169531, 0.210037], [-78.169526, 0.210044], [-78.169524, 0.210049], [-78.169522, 0.210052], [-78.169522, 0.210053], [-78.16952, 0.210055], [-78.169517, 0.21006], [-78.169515, 0.210063], [-78.169512, 0.210067], [-78.169507, 0.210075], [-78.169506, 0.210078], [-78.169505, 0.210079], [-78.169503, 0.210083], [-78.169501, 0.210088], [-78.169499, 0.210091], [-78.169495, 0.210099], [-78.169493, 0.210102], [-78.169491, 0.210107], [-78.169488, 0.210115], [-78.169485, 0.210124], [-78.169483, 0.210132], [-78.169479, 0.210141], [-78.169478, 0.210145], [-78.169477, 0.210149], [-78.169475, 0.210158], [-78.169474, 0.210167], [-78.169473, 0.210176], [-78.16947, 0.210185], [-78.169468, 0.210193], [-78.169467, 0.210202], [-78.169467, 0.210211], [-78.169468, 0.21022], [-78.169468, 0.210229], [-78.169468, 0.210238], [-78.169468, 0.210247], [-78.169468, 0.210256], [-78.169465, 0.210263], [-78.169465, 0.210272], [-78.169466, 0.210281], [-78.169469, 0.210289], [-78.169473, 0.210298], [-78.169477, 0.210306], [-78.169481, 0.210314], [-78.169485, 0.210322], [-78.16949, 0.21033], [-78.169493, 0.210338], [-78.169498, 0.210346], [-78.169503, 0.210353], [-78.169508, 0.21036], [-78.169509, 0.21036], [-78.169514, 0.210368], [-78.169519, 0.210375], [-78.169523, 0.210383], [-78.169528, 0.210391], [-78.169533, 0.210398], [-78.169537, 0.210406], [-78.16954, 0.210415], [-78.169543, 0.210423], [-78.169547, 0.210431], [-78.16955, 0.21044], [-78.169554, 0.210448], [-78.169558, 0.210456], [-78.16956, 0.210465], [-78.169564, 0.210473], [-78.169568, 0.210481], [-78.169572, 0.210489], [-78.169575, 0.210497], [-78.169577, 0.210506], [-78.16958, 0.210515], [-78.169583, 0.210523], [-78.169585, 0.210532], [-78.169587, 0.210541], [-78.16959, 0.210549], [-78.169592, 0.210558], [-78.169592, 0.210567], [-78.169592, 0.210576], [-78.169592, 0.210585], [-78.169592, 0.210594], [-78.169591, 0.210603], [-78.169589, 0.210612], [-78.169586, 0.21062], [-78.169584, 0.210629], [-78.16958, 0.210637], [-78.169576, 0.210645], [-78.169573, 0.210653], [-78.169569, 0.210661], [-78.169565, 0.210669], [-78.16956, 0.210677], [-78.169555, 0.210684], [-78.169551, 0.210692], [-78.169546, 0.2107], [-78.169541, 0.210707], [-78.169534, 0.210713], [-78.169529, 0.21072], [-78.169525, 0.210728], [-78.16952, 0.210736], [-78.169516, 0.210744], [-78.169512, 0.210752], [-78.169508, 0.21076], [-78.169504, 0.210768], [-78.1695, 0.210776], [-78.169496, 0.210784], [-78.169493, 0.210793], [-78.16949, 0.210801], [-78.169486, 0.210809], [-78.169484, 0.210818], [-78.169482, 0.210826], [-78.169479, 0.210835], [-78.169476, 0.210844], [-78.169473, 0.210852], [-78.16947, 0.210861], [-78.169467, 0.210869], [-78.169464, 0.210877], [-78.169461, 0.210886], [-78.169459, 0.210895], [-78.169456, 0.210903], [-78.169454, 0.210912], [-78.169453, 0.210921], [-78.169451, 0.21093], [-78.169449, 0.210939], [-78.169447, 0.210947], [-78.169445, 0.210956], [-78.169444, 0.210965], [-78.169441, 0.210974], [-78.169439, 0.210982], [-78.169436, 0.210991], [-78.169433, 0.210999], [-78.16943, 0.211008], [-78.169427, 0.211016], [-78.169423, 0.211024], [-78.16942, 0.211033], [-78.169416, 0.21104], [-78.169411, 0.211048], [-78.169405, 0.211055], [-78.1694, 0.211062], [-78.169393, 0.211068], [-78.169388, 0.211076], [-78.169382, 0.211082], [-78.169377, 0.211089], [-78.169371, 0.211096], [-78.169365, 0.211102], [-78.169359, 0.211109], [-78.169354, 0.211117], [-78.169347, 0.211122], [-78.169342, 0.21113], [-78.169335, 0.211136], [-78.169328, 0.211141], [-78.169322, 0.211147], [-78.169314, 0.211151], [-78.169307, 0.211157], [-78.169299, 0.21116], [-78.169291, 0.211165], [-78.169284, 0.211171], [-78.169277, 0.211176], [-78.169269, 0.211181], [-78.169262, 0.211186], [-78.169255, 0.21119], [-78.169247, 0.211194], [-78.169239, 0.211197], [-78.169232, 0.211202], [-78.169225, 0.211207], [-78.169218, 0.211213], [-78.169212, 0.211219], [-78.169206, 0.211226], [-78.169202, 0.211233], [-78.169199, 0.211241], [-78.169196, 0.21125], [-78.169195, 0.211258], [-78.169195, 0.211267], [-78.169195, 0.211276], [-78.169195, 0.211285], [-78.169197, 0.211293], [-78.169197, 0.211294], [-78.1692, 0.211303], [-78.169209, 0.211336], [-78.16921, 0.211345], [-78.169211, 0.211348], [-78.169212, 0.211354], [-78.169214, 0.211363], [-78.169216, 0.211371], [-78.169217, 0.21138], [-78.169219, 0.211389], [-78.16922, 0.211398], [-78.169221, 0.211407], [-78.169221, 0.211416], [-78.16922, 0.211425], [-78.169219, 0.211434], [-78.169219, 0.211443], [-78.169218, 0.211452], [-78.169217, 0.211461], [-78.169215, 0.21147], [-78.169212, 0.211479], [-78.16921, 0.211487], [-78.169208, 0.211496], [-78.169206, 0.211505], [-78.169204, 0.211514], [-78.1692, 0.211522], [-78.169195, 0.211529], [-78.169189, 0.211536], [-78.169184, 0.211543], [-78.169179, 0.211551], [-78.169175, 0.211558], [-78.169169, 0.211566], [-78.169162, 0.211571], [-78.169155, 0.211576], [-78.169147, 0.21158], [-78.169139, 0.211584], [-78.16913, 0.211586], [-78.169121, 0.211587], [-78.169112, 0.211587], [-78.169103, 0.211586], [-78.169094, 0.211585], [-78.169086, 0.211584], [-78.169077, 0.211582], [-78.169071, 0.211582], [-78.169068, 0.211582], [-78.169059, 0.211582], [-78.16905, 0.211582], [-78.169041, 0.211582], [-78.169032, 0.211584], [-78.169024, 0.211586], [-78.169015, 0.211589], [-78.169007, 0.211592], [-78.168999, 0.211596], [-78.168992, 0.211602], [-78.168988, 0.21161], [-78.168981, 0.211616], [-78.168974, 0.211622], [-78.168969, 0.211628], [-78.168964, 0.211636], [-78.168959, 0.211643], [-78.168955, 0.211651], [-78.16895, 0.211659], [-78.168946, 0.211667], [-78.168941, 0.211674], [-78.168937, 0.211682], [-78.168933, 0.21169], [-78.168929, 0.211698], [-78.168924, 0.211706], [-78.16892, 0.211714], [-78.168915, 0.211721], [-78.168911, 0.211729], [-78.168907, 0.211737], [-78.168903, 0.211744], [-78.168898, 0.211752], [-78.168894, 0.21176], [-78.168888, 0.211766], [-78.168883, 0.211773], [-78.168879, 0.211781], [-78.168874, 0.211788], [-78.168868, 0.211794], [-78.168863, 0.211802], [-78.168857, 0.211808], [-78.168851, 0.211814], [-78.168846, 0.211822], [-78.16884, 0.211829], [-78.168834, 0.211835], [-78.168828, 0.211841], [-78.168822, 0.211848], [-78.168816, 0.211855], [-78.168809, 0.211861], [-78.168802, 0.211865], [-78.168795, 0.211871], [-78.168787, 0.211875], [-78.168779, 0.21188], [-78.168771, 0.211884], [-78.168763, 0.211888], [-78.168755, 0.211892], [-78.168747, 0.211895], [-78.168738, 0.211896], [-78.168729, 0.211898], [-78.168721, 0.211901], [-78.168712, 0.211903], [-78.168703, 0.211905], [-78.168695, 0.211906], [-78.168686, 0.211907], [-78.168677, 0.211909], [-78.168668, 0.21191], [-78.168659, 0.211912], [-78.168651, 0.211914], [-78.168642, 0.211916], [-78.168633, 0.211917], [-78.168624, 0.21192], [-78.168595, 0.211933], [-78.168586, 0.211936], [-78.168577, 0.211938], [-78.168569, 0.211941], [-78.168561, 0.211945], [-78.168553, 0.211948], [-78.168544, 0.211951], [-78.168535, 0.211953], [-78.168527, 0.211956], [-78.168519, 0.211959], [-78.16851, 0.211961], [-78.168502, 0.211965], [-78.168494, 0.211968], [-78.168486, 0.211972], [-78.168478, 0.211977], [-78.168471, 0.211982], [-78.168463, 0.211987], [-78.168456, 0.211993], [-78.16845, 0.211999], [-78.168443, 0.212004], [-78.168436, 0.21201], [-78.168429, 0.212017], [-78.168424, 0.212024], [-78.168418, 0.21203], [-78.168413, 0.212038], [-78.168408, 0.212045], [-78.168404, 0.212053], [-78.168401, 0.212062], [-78.168399, 0.21207], [-78.168397, 0.212079], [-78.168394, 0.212088], [-78.168391, 0.212096], [-78.168389, 0.212105], [-78.168387, 0.212114], [-78.168385, 0.212122], [-78.168384, 0.212131], [-78.168381, 0.21214], [-78.168379, 0.212149], [-78.168377, 0.212157], [-78.168375, 0.212166], [-78.168372, 0.212175], [-78.16837, 0.212183], [-78.168368, 0.212192], [-78.168366, 0.212201], [-78.168364, 0.21221], [-78.168362, 0.212218], [-78.168361, 0.212227], [-78.168361, 0.212236], [-78.168361, 0.212245], [-78.168361, 0.212254], [-78.168361, 0.212263], [-78.168361, 0.212272], [-78.168361, 0.212281], [-78.168361, 0.21229], [-78.168361, 0.212299], [-78.168361, 0.212308], [-78.168361, 0.212317], [-78.168361, 0.212326], [-78.168361, 0.212335], [-78.168361, 0.212344], [-78.168359, 0.212353], [-78.168357, 0.212362], [-78.168355, 0.21237], [-78.168352, 0.212378], [-78.168348, 0.212386], [-78.168344, 0.212394], [-78.168341, 0.212403], [-78.168337, 0.212411], [-78.168332, 0.212417], [-78.168327, 0.212424], [-78.16832, 0.21243], [-78.168314, 0.212436], [-78.168307, 0.212441], [-78.168299, 0.212446], [-78.168291, 0.212451], [-78.168284, 0.212456], [-78.168275, 0.212458], [-78.168267, 0.212461], [-78.168259, 0.212465], [-78.168251, 0.212468], [-78.168242, 0.21247], [-78.168233, 0.212473], [-78.168225, 0.212477], [-78.168217, 0.212479], [-78.168208, 0.212482], [-78.1682, 0.212485], [-78.168192, 0.212489], [-78.168183, 0.212491], [-78.168175, 0.212495], [-78.168167, 0.212499], [-78.168159, 0.212502], [-78.168151, 0.212507], [-78.168143, 0.212511], [-78.168135, 0.212514], [-78.168127, 0.212518], [-78.168119, 0.212523], [-78.168112, 0.212528], [-78.168105, 0.212533], [-78.168098, 0.212539], [-78.168091, 0.212545], [-78.168085, 0.212551], [-78.168078, 0.212557], [-78.168072, 0.212563], [-78.168066, 0.212569], [-78.16806, 0.212576], [-78.168055, 0.212583], [-78.168051, 0.212591], [-78.168045, 0.212598], [-78.168041, 0.212605], [-78.168036, 0.212613], [-78.168031, 0.21262], [-78.168026, 0.212628], [-78.168021, 0.212636], [-78.168017, 0.212644], [-78.168014, 0.212652], [-78.168011, 0.212661], [-78.168008, 0.212669], [-78.168004, 0.212677], [-78.168001, 0.212685], [-78.167998, 0.212694], [-78.167994, 0.212702], [-78.167991, 0.21271], [-78.167989, 0.212719], [-78.167987, 0.212728], [-78.167985, 0.212737], [-78.167982, 0.212745], [-78.167981, 0.212754], [-78.167979, 0.212762], [-78.167976, 0.212771], [-78.167976, 0.21278], [-78.167974, 0.212789], [-78.167972, 0.212797], [-78.16797, 0.212806], [-78.167968, 0.212814], [-78.167965, 0.212823], [-78.167961, 0.212831], [-78.167957, 0.212839], [-78.167953, 0.212847], [-78.16795, 0.212856], [-78.167946, 0.212864], [-78.167943, 0.212872], [-78.167939, 0.21288], [-78.167935, 0.212888], [-78.167931, 0.212896], [-78.167927, 0.212904], [-78.167923, 0.212913], [-78.167921, 0.212921], [-78.167917, 0.212929], [-78.167913, 0.212937], [-78.167909, 0.212945], [-78.167904, 0.212953], [-78.167899, 0.21296], [-78.167892, 0.212966], [-78.167884, 0.212971], [-78.167875, 0.212971], [-78.167867, 0.212971], [-78.167858, 0.212971], [-78.167849, 0.212971], [-78.16784, 0.212971], [-78.167831, 0.212971], [-78.167822, 0.212971], [-78.167814, 0.212971], [-78.167805, 0.212971], [-78.167796, 0.212971], [-78.167788, 0.212971], [-78.167779, 0.212971], [-78.16777, 0.212971], [-78.167762, 0.212972], [-78.167753, 0.212974], [-78.167744, 0.212975], [-78.167735, 0.212977], [-78.167727, 0.21298], [-78.167719, 0.212984], [-78.167711, 0.212987], [-78.167703, 0.212991], [-78.167695, 0.212995], [-78.167688, 0.213001], [-78.167681, 0.213007], [-78.167674, 0.213013], [-78.167671, 0.213021], [-78.167666, 0.213029], [-78.167661, 0.213036], [-78.167655, 0.213043], [-78.16765, 0.21305], [-78.167645, 0.213057], [-78.167639, 0.213064], [-78.167633, 0.213071], [-78.167628, 0.213078], [-78.167621, 0.213084], [-78.167615, 0.213091], [-78.167609, 0.213098], [-78.167603, 0.213104], [-78.167598, 0.213112], [-78.167593, 0.213119], [-78.16759, 0.213127], [-78.167587, 0.213136], [-78.167584, 0.213145], [-78.167582, 0.213153], [-78.16758, 0.213162], [-78.167577, 0.213171], [-78.167575, 0.213179], [-78.167572, 0.213188], [-78.167569, 0.213196], [-78.167566, 0.213205], [-78.167562, 0.213213], [-78.167558, 0.213221], [-78.167554, 0.213229], [-78.16755, 0.213235], [-78.167549, 0.213236], [-78.167543, 0.213243], [-78.167537, 0.21325], [-78.167531, 0.213257], [-78.167523, 0.213261], [-78.167516, 0.213266], [-78.167509, 0.213272], [-78.167504, 0.213272], [-78.167495, 0.213274], [-78.167492, 0.213275], [-78.167486, 0.213276], [-78.167478, 0.213278], [-78.167469, 0.213279], [-78.16746, 0.213281], [-78.167451, 0.213283], [-78.167443, 0.213285], [-78.167434, 0.213286], [-78.167425, 0.213288], [-78.167416, 0.21329], [-78.167408, 0.213292], [-78.167399, 0.213294], [-78.16739, 0.213295], [-78.167381, 0.213297], [-78.167373, 0.213299], [-78.167364, 0.213299], [-78.167355, 0.2133], [-78.167346, 0.213301], [-78.167337, 0.213301], [-78.167329, 0.213303], [-78.16732, 0.213305], [-78.167311, 0.213306], [-78.167302, 0.213308], [-78.167293, 0.21331], [-78.167285, 0.213311], [-78.167276, 0.213313], [-78.167267, 0.213316], [-78.167259, 0.213318], [-78.16725, 0.213322], [-78.167242, 0.213325], [-78.167234, 0.213329], [-78.167226, 0.213333], [-78.167218, 0.213337], [-78.16721, 0.213341], [-78.167202, 0.213345], [-78.167194, 0.213349], [-78.167186, 0.213353], [-78.167179, 0.213359], [-78.167171, 0.213364], [-78.167164, 0.213369], [-78.167157, 0.213374], [-78.16715, 0.21338], [-78.167143, 0.213385], [-78.167136, 0.21339], [-78.167129, 0.213396], [-78.167122, 0.213402], [-78.167115, 0.213407], [-78.167108, 0.213412], [-78.167101, 0.213418], [-78.167096, 0.213425], [-78.16709, 0.213432], [-78.167085, 0.213439], [-78.167079, 0.213445], [-78.167073, 0.213452], [-78.167068, 0.21346], [-78.167062, 0.213466], [-78.167056, 0.213473], [-78.167052, 0.21348], [-78.167046, 0.213487], [-78.16704, 0.213494], [-78.167035, 0.213501], [-78.16703, 0.213509], [-78.167025, 0.213516], [-78.167021, 0.213524], [-78.167017, 0.213532], [-78.167014, 0.213541], [-78.16701, 0.213549], [-78.167007, 0.213558], [-78.167004, 0.213566], [-78.167002, 0.213575], [-78.166999, 0.213583], [-78.166997, 0.213592], [-78.166994, 0.213601], [-78.166991, 0.213609], [-78.166987, 0.213617], [-78.166984, 0.213625], [-78.16698, 0.213634], [-78.166976, 0.213642], [-78.166973, 0.21365], [-78.166971, 0.213659], [-78.166969, 0.213668], [-78.166968, 0.213677], [-78.166967, 0.213685], [-78.166966, 0.213694], [-78.166964, 0.213703], [-78.166963, 0.213712], [-78.166961, 0.213721], [-78.166959, 0.21373], [-78.166956, 0.213738], [-78.166953, 0.213747], [-78.16695, 0.213755], [-78.166946, 0.213764], [-78.166942, 0.213771], [-78.166937, 0.213779], [-78.166933, 0.213787], [-78.166928, 0.213794], [-78.166923, 0.213802], [-78.166917, 0.213809], [-78.16691, 0.213814], [-78.166904, 0.21382], [-78.166897, 0.213826], [-78.16689, 0.213831], [-78.166882, 0.213836], [-78.166874, 0.21384], [-78.166866, 0.213844], [-78.166858, 0.213848], [-78.16685, 0.213851], [-78.166841, 0.213854], [-78.166832, 0.213856], [-78.166824, 0.213858], [-78.166815, 0.213859], [-78.166806, 0.21386], [-78.166797, 0.213862], [-78.166789, 0.213862], [-78.16678, 0.213863], [-78.166771, 0.213863], [-78.166762, 0.213863], [-78.166754, 0.213863], [-78.166745, 0.213864], [-78.166736, 0.213865], [-78.166727, 0.213866], [-78.166719, 0.213866], [-78.16671, 0.213866], [-78.166702, 0.213868], [-78.166694, 0.21387], [-78.166686, 0.213873], [-78.166678, 0.213877], [-78.166672, 0.213883], [-78.166666, 0.21389], [-78.16666, 0.213896], [-78.166654, 0.213904], [-78.166648, 0.21391], [-78.166643, 0.213918], [-78.166638, 0.213925], [-78.166633, 0.213932], [-78.166629, 0.21394], [-78.166625, 0.213948], [-78.166622, 0.213956], [-78.166619, 0.213965], [-78.166616, 0.213973], [-78.166615, 0.213982], [-78.166615, 0.213991], [-78.166615, 0.214], [-78.166615, 0.214009], [-78.166615, 0.214018], [-78.166615, 0.214027], [-78.166615, 0.214036], [-78.166615, 0.214045], [-78.166618, 0.214054], [-78.166619, 0.214062], [-78.166619, 0.21407], [-78.16662, 0.214079], [-78.166621, 0.214088], [-78.166623, 0.214097], [-78.166624, 0.214106], [-78.166625, 0.214115], [-78.166626, 0.214124], [-78.166636, 0.214145], [-78.166637, 0.214145], [-78.166641, 0.214147], [-78.166646, 0.214155], [-78.166648, 0.214163], [-78.166652, 0.214172], [-78.166656, 0.214179], [-78.16666, 0.214187], [-78.166664, 0.214195], [-78.166668, 0.214203], [-78.166673, 0.214211], [-78.166676, 0.21422], [-78.166679, 0.214228], [-78.166682, 0.214236], [-78.166685, 0.214245], [-78.166687, 0.214254], [-78.16669, 0.214262], [-78.166692, 0.214271], [-78.166694, 0.21428], [-78.166696, 0.214289], [-78.166696, 0.214298], [-78.166696, 0.214307], [-78.166696, 0.214315], [-78.166696, 0.214324], [-78.166695, 0.214333], [-78.166694, 0.214342], [-78.166692, 0.214351], [-78.16669, 0.214359], [-78.166688, 0.214368], [-78.166686, 0.214377], [-78.166682, 0.214385], [-78.166679, 0.214393], [-78.166675, 0.214401], [-78.166672, 0.214409], [-78.166669, 0.214418], [-78.166665, 0.214426], [-78.166661, 0.214434], [-78.166656, 0.214441], [-78.166652, 0.214448], [-78.166648, 0.214456], [-78.166645, 0.214464], [-78.166641, 0.214472], [-78.166637, 0.21448], [-78.166633, 0.214488], [-78.166629, 0.214497], [-78.166625, 0.214505], [-78.166621, 0.214513], [-78.166617, 0.214521], [-78.166614, 0.214529], [-78.16661, 0.214537], [-78.166608, 0.214546], [-78.166606, 0.214555], [-78.166602, 0.214563], [-78.166599, 0.214571], [-78.166596, 0.21458], [-78.166594, 0.214588], [-78.166591, 0.214597], [-78.166589, 0.214605], [-78.166588, 0.214614], [-78.166586, 0.214623], [-78.166585, 0.214632], [-78.166583, 0.21464], [-78.166582, 0.214649], [-78.166582, 0.214657], [-78.16658, 0.214666], [-78.166578, 0.214674], [-78.166576, 0.214683], [-78.166573, 0.214691], [-78.166571, 0.214699], [-78.166567, 0.214708], [-78.166564, 0.214716], [-78.166562, 0.214725], [-78.166559, 0.214733], [-78.166555, 0.214742], [-78.16655, 0.214749], [-78.166546, 0.214757], [-78.166541, 0.214764], [-78.166535, 0.214772], [-78.166528, 0.214777], [-78.166521, 0.214783], [-78.166513, 0.214787], [-78.166505, 0.214791], [-78.166497, 0.214795], [-78.166488, 0.214796], [-78.166479, 0.214798], [-78.166471, 0.214801], [-78.166462, 0.214803], [-78.166454, 0.214805], [-78.166445, 0.214806], [-78.166436, 0.214808], [-78.166427, 0.214811], [-78.166419, 0.214814], [-78.16641, 0.214816], [-78.166402, 0.214818], [-78.166393, 0.214821], [-78.166385, 0.214824], [-78.166377, 0.214828], [-78.166369, 0.214833], [-78.166362, 0.214838], [-78.166354, 0.214842], [-78.166347, 0.214846], [-78.166341, 0.214853], [-78.166334, 0.214859], [-78.16633, 0.214862], [-78.166327, 0.214864], [-78.166319, 0.214869], [-78.166313, 0.214876], [-78.166307, 0.214882], [-78.166303, 0.214889], [-78.166298, 0.214897], [-78.166293, 0.214904], [-78.166289, 0.214912], [-78.166284, 0.214919], [-78.166278, 0.214926], [-78.166273, 0.214934], [-78.16627, 0.214942], [-78.166266, 0.21495], [-78.16626, 0.214957], [-78.166256, 0.214965], [-78.166251, 0.214972], [-78.166247, 0.21498], [-78.166243, 0.214988], [-78.166239, 0.214996], [-78.166235, 0.215004], [-78.166232, 0.215012], [-78.16623, 0.21502], [-78.166228, 0.215029], [-78.166228, 0.215038], [-78.166228, 0.215046], [-78.166228, 0.215054], [-78.166228, 0.215063], [-78.166229, 0.215072], [-78.166231, 0.215081], [-78.166233, 0.215089], [-78.166237, 0.215098], [-78.166241, 0.215106], [-78.166244, 0.215114], [-78.166248, 0.215122], [-78.166253, 0.21513], [-78.166257, 0.215137], [-78.166263, 0.215144], [-78.166268, 0.215152], [-78.166272, 0.21516], [-78.166277, 0.215167], [-78.166282, 0.215174], [-78.166288, 0.215181], [-78.166294, 0.215188], [-78.1663, 0.215195], [-78.166306, 0.215202], [-78.166311, 0.215209], [-78.166316, 0.215216], [-78.166322, 0.215223], [-78.166328, 0.21523], [-78.166334, 0.215237], [-78.166339, 0.215244], [-78.166344, 0.215251], [-78.166348, 0.215259], [-78.166353, 0.215267], [-78.166358, 0.215274], [-78.166364, 0.215281], [-78.166368, 0.215289], [-78.166373, 0.215297], [-78.166378, 0.215304], [-78.166381, 0.215313], [-78.166385, 0.215321], [-78.166388, 0.215329], [-78.166392, 0.215338], [-78.166397, 0.215345], [-78.166402, 0.215353], [-78.166406, 0.215361], [-78.166412, 0.215367], [-78.166419, 0.215374], [-78.166423, 0.215381], [-78.166429, 0.215388], [-78.166434, 0.215396], [-78.166438, 0.215404], [-78.166441, 0.215412], [-78.166445, 0.21542], [-78.16645, 0.215427], [-78.166455, 0.215435], [-78.166462, 0.21544], [-78.166469, 0.215446], [-78.166475, 0.215453], [-78.166481, 0.215459], [-78.166487, 0.215466], [-78.166491, 0.215474], [-78.166493, 0.215483], [-78.166495, 0.215492], [-78.166499, 0.2155], [-78.166502, 0.215508], [-78.166504, 0.215517], [-78.166508, 0.215525], [-78.166512, 0.215533], [-78.166515, 0.215542], [-78.166517, 0.215551], [-78.166518, 0.215559], [-78.16652, 0.215568], [-78.16652, 0.215577], [-78.16652, 0.215586], [-78.16652, 0.215595], [-78.16652, 0.215603], [-78.16652, 0.215612], [-78.16652, 0.215621], [-78.16652, 0.21563], [-78.16652, 0.215639], [-78.166518, 0.215648], [-78.166517, 0.215657], [-78.166517, 0.215666], [-78.166517, 0.215675], [-78.166517, 0.215684], [-78.166518, 0.215693], [-78.166519, 0.215702], [-78.16652, 0.215711], [-78.16652, 0.21572], [-78.16652, 0.215729], [-78.166518, 0.215738], [-78.166517, 0.215747], [-78.166516, 0.215756], [-78.166515, 0.215765], [-78.166514, 0.215773], [-78.166511, 0.215782], [-78.16651, 0.215791], [-78.166508, 0.2158], [-78.166506, 0.215808], [-78.166503, 0.215817], [-78.166501, 0.215826], [-78.166498, 0.215834], [-78.166494, 0.215842], [-78.166489, 0.21585], [-78.166483, 0.215857], [-78.166477, 0.215864], [-78.166472, 0.215871], [-78.166466, 0.215877], [-78.166459, 0.215883], [-78.166453, 0.215889], [-78.166447, 0.215896], [-78.166442, 0.215903], [-78.166435, 0.21591], [-78.16643, 0.215916], [-78.166423, 0.215923], [-78.166416, 0.215928], [-78.166409, 0.215934], [-78.166402, 0.215939], [-78.166395, 0.215945], [-78.166388, 0.215951], [-78.166381, 0.215956], [-78.166373, 0.21596], [-78.166365, 0.215964], [-78.166357, 0.215968], [-78.16635, 0.215974], [-78.166344, 0.215979], [-78.166338, 0.215985], [-78.166331, 0.215991], [-78.166325, 0.215998], [-78.166318, 0.216004], [-78.166311, 0.216009], [-78.166304, 0.216013], [-78.166297, 0.216017], [-78.16629, 0.216023], [-78.166283, 0.216029], [-78.166275, 0.216033], [-78.16627, 0.216039], [-78.166265, 0.216046], [-78.166259, 0.216053], [-78.166255, 0.216061], [-78.166252, 0.21607], [-78.166248, 0.216078], [-78.166245, 0.216086], [-78.166242, 0.216095], [-78.16624, 0.216104], [-78.16624, 0.216113], [-78.166241, 0.216122], [-78.166241, 0.216131], [-78.166243, 0.216139], [-78.166245, 0.216148], [-78.166248, 0.216157], [-78.166254, 0.216163], [-78.166259, 0.21617], [-78.166264, 0.216178], [-78.16627, 0.216184], [-78.166276, 0.21619], [-78.166284, 0.216194], [-78.166292, 0.216198], [-78.1663, 0.216201], [-78.166308, 0.216204], [-78.166316, 0.216208], [-78.166324, 0.216211], [-78.166332, 0.216215], [-78.16634, 0.21622], [-78.166347, 0.216225], [-78.166354, 0.21623], [-78.166361, 0.216236], [-78.166367, 0.216242], [-78.166374, 0.216247], [-78.166381, 0.216253], [-78.166387, 0.21626], [-78.166392, 0.216267], [-78.166397, 0.216275], [-78.166402, 0.216282], [-78.166407, 0.21629], [-78.166411, 0.216297], [-78.166415, 0.216306], [-78.166418, 0.216314], [-78.166421, 0.216322], [-78.166424, 0.21633], [-78.166426, 0.216339], [-78.166428, 0.216348], [-78.166429, 0.216357], [-78.16643, 0.216366], [-78.166431, 0.216375], [-78.166431, 0.216383], [-78.166431, 0.216392], [-78.166431, 0.216401], [-78.166431, 0.21641], [-78.166431, 0.216419], [-78.166431, 0.216428], [-78.166431, 0.216437], [-78.166431, 0.216446], [-78.166431, 0.216455], [-78.166431, 0.216464], [-78.166431, 0.216473], [-78.166431, 0.216482], [-78.166431, 0.216491], [-78.166431, 0.2165], [-78.166431, 0.216509], [-78.16643, 0.216518], [-78.166428, 0.216526], [-78.166427, 0.216535], [-78.166425, 0.216544], [-78.166423, 0.216553], [-78.166421, 0.216561], [-78.166417, 0.21657], [-78.166414, 0.216578], [-78.16641, 0.216585], [-78.166407, 0.216593], [-78.166402, 0.216601], [-78.166396, 0.216608], [-78.166391, 0.216615], [-78.166386, 0.216622], [-78.16638, 0.216629], [-78.166375, 0.216637], [-78.16637, 0.216644], [-78.166366, 0.216651], [-78.16636, 0.216658], [-78.166354, 0.216665], [-78.166349, 0.216672], [-78.166343, 0.216679], [-78.166338, 0.216687], [-78.166333, 0.216694], [-78.166328, 0.216702], [-78.166323, 0.216709], [-78.166319, 0.216717], [-78.166315, 0.216725], [-78.166311, 0.216733], [-78.166306, 0.216741], [-78.166302, 0.216748], [-78.166297, 0.216756], [-78.166292, 0.216764], [-78.166287, 0.216771], [-78.166283, 0.216779], [-78.166279, 0.216787], [-78.166275, 0.216795], [-78.166271, 0.216803], [-78.166267, 0.216811], [-78.166263, 0.216819], [-78.166259, 0.216827], [-78.166255, 0.216835], [-78.166252, 0.216843], [-78.166247, 0.21685], [-78.166243, 0.216858], [-78.166239, 0.216866], [-78.166234, 0.216874], [-78.166229, 0.216881], [-78.166225, 0.216889], [-78.166221, 0.216897], [-78.166217, 0.216905], [-78.166213, 0.216913], [-78.16621, 0.216922], [-78.166207, 0.21693], [-78.166204, 0.216938], [-78.166201, 0.216946], [-78.166197, 0.216955], [-78.166193, 0.216963], [-78.166189, 0.216971], [-78.166185, 0.216979], [-78.16618, 0.216986], [-78.166176, 0.216994], [-78.166171, 0.217002], [-78.166165, 0.217008], [-78.166159, 0.217015], [-78.166153, 0.217022], [-78.166147, 0.217029], [-78.166141, 0.217035], [-78.166134, 0.217041], [-78.166127, 0.217046], [-78.16612, 0.217052], [-78.166113, 0.217057], [-78.166105, 0.217062], [-78.166097, 0.217067], [-78.166089, 0.217071], [-78.166082, 0.217076], [-78.166075, 0.217081], [-78.166067, 0.217086], [-78.166059, 0.21709], [-78.166052, 0.217096], [-78.166044, 0.2171], [-78.166038, 0.217103], [-78.16603, 0.217108], [-78.166023, 0.217113], [-78.166015, 0.217117], [-78.166009, 0.217124], [-78.166003, 0.21713], [-78.165998, 0.217138], [-78.165751, 0.217067], [-78.165741, 0.217052], [-78.165715, 0.217031], [-78.165646, 0.217007], [-78.165241, 0.216915], [-78.165171, 0.216889], [-78.164839, 0.216874], [-78.164677, 0.216828], [-78.164529, 0.216692], [-78.164127, 0.216432], [-78.164084, 0.216378], [-78.163994, 0.216108], [-78.16365, 0.215241], [-78.16384, 0.215346], [-78.163927, 0.215365], [-78.163955, 0.215339], [-78.163967, 0.215121], [-78.163984, 0.214747], [-78.164002, 0.214331], [-78.164011, 0.214281], [-78.164012, 0.214278], [-78.164037, 0.214199], [-78.164075, 0.213977], [-78.164136, 0.213702], [-78.164253, 0.213078], [-78.164296, 0.212866], [-78.164353, 0.21258], [-78.164416, 0.212242], [-78.164458, 0.212057], [-78.164504, 0.211855], [-78.164511, 0.211825], [-78.164598, 0.211461], [-78.164615, 0.211387], [-78.164615, 0.211387], [-78.164628, 0.211331], [-78.164631, 0.211318], [-78.164636, 0.2113], [-78.164636, 0.211299], [-78.164669, 0.211156], [-78.164699, 0.210997], [-78.164675, 0.210924]]]], "type": "MultiPolygon"}}, {"type": "Feature", "properties": {"sc": "19", "num_muestra": 19, "codigo_muestra": "19", "tipologia": "H", "etiqueta": "19|H", "etiquetaSC": "19|H", "parroquia": "SAN PABLO", "circunscripcion": "CIRCUNSCRIPCION RURAL", "canton": "OTAVALO", "sec_anm": "100457002001", "pob_t": 512.0, "v_pres": 120.0, "dens_pob": 648.02, "bbox": [[-78.192666, 0.19869], [-78.18076, 0.213846]], "centroid": [-78.184419, 0.206215]}, "geometry": {"coordinates": [[[[-78.18076, 0.205571], [-78.180786, 0.205529], [-78.180792, 0.205521], [-78.180821, 0.205473], [-78.180845, 0.205428], [-78.180893, 0.205342], [-78.180971, 0.20521], [-78.181007, 0.20515], [-78.181019, 0.205131], [-78.181108, 0.204984], [-78.181211, 0.204822], [-78.181293, 0.204698], [-78.181402, 0.204546], [-78.181424, 0.204514], [-78.181467, 0.204536], [-78.181575, 0.204591], [-78.181743, 0.204678], [-78.181868, 0.20475], [-78.181936, 0.20479], [-78.182169, 0.204923], [-78.18232, 0.205012], [-78.18235, 0.205029], [-78.182474, 0.205101], [-78.182534, 0.205135], [-78.182689, 0.205231], [-78.182792, 0.205304], [-78.182916, 0.205391], [-78.183124, 0.205529], [-78.183299, 0.20565], [-78.183398, 0.20573], [-78.183484, 0.205744], [-78.183543, 0.205702], [-78.183664, 0.20555], [-78.1839, 0.205273], [-78.184022, 0.205099], [-78.184023, 0.205098], [-78.184029, 0.205089], [-78.184194, 0.204861], [-78.184269, 0.204742], [-78.184274, 0.204735], [-78.184294, 0.204706], [-78.184339, 0.204641], [-78.184372, 0.204596], [-78.184407, 0.204549], [-78.184454, 0.204588], [-78.184489, 0.204544], [-78.184759, 0.204227], [-78.184886, 0.204089], [-78.185165, 0.203784], [-78.185167, 0.203782], [-78.185188, 0.203759], [-78.185227, 0.203715], [-78.185318, 0.203612], [-78.185428, 0.203488], [-78.185489, 0.203418], [-78.185633, 0.203253], [-78.185666, 0.203215], [-78.185718, 0.203157], [-78.185876, 0.202981], [-78.185878, 0.202979], [-78.186103, 0.202713], [-78.186329, 0.202449], [-78.186509, 0.202225], [-78.186643, 0.202062], [-78.186653, 0.20205], [-78.186672, 0.202027], [-78.186682, 0.202015], [-78.186871, 0.201799], [-78.187037, 0.2016], [-78.187183, 0.201437], [-78.187348, 0.201247], [-78.1875, 0.201063], [-78.187557, 0.200997], [-78.187661, 0.20089], [-78.187783, 0.200765], [-78.187905, 0.200621], [-78.187952, 0.200571], [-78.18866, 0.199841], [-78.18888, 0.199625], [-78.188927, 0.199579], [-78.188929, 0.199577], [-78.188972, 0.19954], [-78.189138, 0.199399], [-78.189203, 0.199341], [-78.18923, 0.199302], [-78.189211, 0.199269], [-78.189175, 0.199224], [-78.189144, 0.199186], [-78.189224, 0.199106], [-78.189265, 0.199062], [-78.189302, 0.199022], [-78.189396, 0.19893], [-78.189489, 0.198846], [-78.189588, 0.198747], [-78.189612, 0.198719], [-78.189629, 0.1987], [-78.189639, 0.19869], [-78.189661, 0.198715], [-78.190113, 0.199211], [-78.190279, 0.199409], [-78.19037, 0.199526], [-78.190401, 0.199563], [-78.190403, 0.199566], [-78.190403, 0.199566], [-78.190406, 0.199571], [-78.190414, 0.199584], [-78.190419, 0.199592], [-78.190338, 0.199666], [-78.190289, 0.199707], [-78.190211, 0.199732], [-78.190158, 0.199764], [-78.190065, 0.199859], [-78.18997, 0.199978], [-78.189899, 0.200054], [-78.18986, 0.200092], [-78.189737, 0.200165], [-78.189697, 0.200238], [-78.189652, 0.200353], [-78.189566, 0.200435], [-78.189377, 0.20055], [-78.18925, 0.20065], [-78.189173, 0.20075], [-78.189151, 0.200779], [-78.189141, 0.200784], [-78.189136, 0.200797], [-78.189067, 0.200926], [-78.188995, 0.201064], [-78.189025, 0.201235], [-78.188982, 0.201381], [-78.188925, 0.201469], [-78.1891, 0.201595], [-78.189574, 0.201985], [-78.190292, 0.202602], [-78.190803, 0.203047], [-78.19078, 0.203078], [-78.190473, 0.20345], [-78.190397, 0.203544], [-78.190063, 0.203982], [-78.189877, 0.204225], [-78.189678, 0.204638], [-78.189384, 0.205166], [-78.18919, 0.205551], [-78.188611, 0.205159], [-78.188492, 0.205109], [-78.187883, 0.204616], [-78.187512, 0.204333], [-78.187465, 0.204293], [-78.187447, 0.204324], [-78.187407, 0.204377], [-78.187353, 0.20446], [-78.187266, 0.204598], [-78.187221, 0.204664], [-78.18717, 0.20471], [-78.187065, 0.204798], [-78.187043, 0.204823], [-78.187019, 0.204862], [-78.18701, 0.204899], [-78.186996, 0.205027], [-78.186988, 0.205076], [-78.186981, 0.205107], [-78.186968, 0.205141], [-78.186943, 0.205172], [-78.186928, 0.205184], [-78.186893, 0.205209], [-78.186857, 0.205251], [-78.186808, 0.205352], [-78.186773, 0.205438], [-78.186733, 0.205546], [-78.186716, 0.205571], [-78.186683, 0.205602], [-78.186608, 0.205633], [-78.186537, 0.205674], [-78.18652, 0.2057], [-78.186513, 0.205726], [-78.186509, 0.205743], [-78.186509, 0.205759], [-78.186512, 0.205772], [-78.186536, 0.205812], [-78.186553, 0.205847], [-78.186549, 0.205935], [-78.186546, 0.206012], [-78.186573, 0.20603], [-78.186647, 0.206077], [-78.187531, 0.20664], [-78.187857, 0.206848], [-78.188184, 0.207043], [-78.188168, 0.207076], [-78.188192, 0.207092], [-78.188207, 0.207101], [-78.188243, 0.207124], [-78.188324, 0.207172], [-78.188423, 0.207241], [-78.188448, 0.207258], [-78.18847, 0.207273], [-78.1885, 0.207294], [-78.18862, 0.207372], [-78.188714, 0.207429], [-78.188733, 0.20744], [-78.188795, 0.207477], [-78.188889, 0.207531], [-78.188954, 0.207569], [-78.188967, 0.207576], [-78.189082, 0.207661], [-78.189128, 0.207694], [-78.189194, 0.20774], [-78.189231, 0.207767], [-78.189349, 0.207851], [-78.189449, 0.207921], [-78.189511, 0.207967], [-78.189567, 0.208008], [-78.189661, 0.208075], [-78.189729, 0.208119], [-78.189785, 0.208161], [-78.189795, 0.208166], [-78.189859, 0.208201], [-78.189902, 0.208228], [-78.189984, 0.20827], [-78.190108, 0.208369], [-78.190175, 0.208413], [-78.190227, 0.208448], [-78.190241, 0.208459], [-78.190245, 0.208462], [-78.190255, 0.20847], [-78.19031, 0.208513], [-78.190387, 0.208566], [-78.190474, 0.208635], [-78.190543, 0.208688], [-78.190596, 0.208731], [-78.190625, 0.208755], [-78.190725, 0.208827], [-78.190813, 0.208891], [-78.190887, 0.208943], [-78.190934, 0.208977], [-78.191044, 0.209047], [-78.191062, 0.209058], [-78.191183, 0.209136], [-78.191194, 0.209143], [-78.191321, 0.209215], [-78.191454, 0.209305], [-78.19154, 0.20937], [-78.191616, 0.209441], [-78.191636, 0.209468], [-78.191661, 0.209512], [-78.191667, 0.209541], [-78.19167, 0.209583], [-78.191663, 0.209672], [-78.19172, 0.209719], [-78.192666, 0.21029], [-78.192653, 0.210324], [-78.192643, 0.21035], [-78.192608, 0.210434], [-78.192578, 0.210491], [-78.192541, 0.21053], [-78.192468, 0.210594], [-78.192409, 0.210664], [-78.192397, 0.210679], [-78.192348, 0.210744], [-78.192271, 0.210848], [-78.192209, 0.210931], [-78.192176, 0.210963], [-78.192135, 0.211012], [-78.192062, 0.21109], [-78.191989, 0.211157], [-78.191962, 0.211194], [-78.191812, 0.211387], [-78.191775, 0.211362], [-78.191733, 0.211339], [-78.191698, 0.211326], [-78.191659, 0.211321], [-78.191627, 0.211325], [-78.191604, 0.211329], [-78.19154, 0.211338], [-78.19148, 0.211342], [-78.191452, 0.211377], [-78.19143, 0.211402], [-78.191398, 0.21144], [-78.191376, 0.211446], [-78.191373, 0.211447], [-78.191371, 0.211447], [-78.191368, 0.211448], [-78.191367, 0.211448], [-78.191364, 0.211448], [-78.191362, 0.211449], [-78.191359, 0.211449], [-78.191359, 0.211449], [-78.191354, 0.211449], [-78.19135, 0.211448], [-78.191073, 0.2114], [-78.191005, 0.211419], [-78.190895, 0.211516], [-78.190817, 0.211678], [-78.190687, 0.211908], [-78.190655, 0.211999], [-78.190591, 0.212066], [-78.190516, 0.212124], [-78.190458, 0.212214], [-78.19044, 0.212235], [-78.190406, 0.212281], [-78.190363, 0.212335], [-78.190301, 0.212422], [-78.190281, 0.212475], [-78.190267, 0.212541], [-78.190257, 0.212573], [-78.190241, 0.21262], [-78.190231, 0.212661], [-78.190206, 0.212702], [-78.19012, 0.212799], [-78.190045, 0.212902], [-78.19, 0.21296], [-78.189962, 0.213], [-78.189916, 0.213056], [-78.189855, 0.213186], [-78.189836, 0.213231], [-78.189797, 0.21331], [-78.189773, 0.213362], [-78.189757, 0.213401], [-78.189735, 0.213458], [-78.189701, 0.213551], [-78.189627, 0.21368], [-78.189553, 0.213792], [-78.189483, 0.213841], [-78.189444, 0.213846], [-78.189384, 0.21382], [-78.189284, 0.213757], [-78.189155, 0.213667], [-78.18886, 0.213461], [-78.1885, 0.213246], [-78.188187, 0.213094], [-78.187804, 0.212988], [-78.187311, 0.212853], [-78.186913, 0.212756], [-78.186333, 0.212591], [-78.186225, 0.212554], [-78.186173, 0.212531], [-78.186148, 0.21258], [-78.186144, 0.212589], [-78.186141, 0.212595], [-78.186109, 0.212576], [-78.186092, 0.212565], [-78.186044, 0.212539], [-78.185956, 0.212484], [-78.18587, 0.21243], [-78.185838, 0.21241], [-78.185775, 0.21238], [-78.185692, 0.212339], [-78.185567, 0.212279], [-78.185434, 0.212208], [-78.185241, 0.212122], [-78.185022, 0.212027], [-78.184994, 0.212015], [-78.184801, 0.211933], [-78.184743, 0.211909], [-78.184676, 0.21188], [-78.184655, 0.211875], [-78.184517, 0.211831], [-78.184399, 0.211779], [-78.184365, 0.21175], [-78.184343, 0.211732], [-78.184308, 0.211699], [-78.184348, 0.211601], [-78.18442, 0.211474], [-78.184509, 0.211329], [-78.184592, 0.211211], [-78.1847, 0.211081], [-78.18477, 0.211007], [-78.184817, 0.21094], [-78.184857, 0.210897], [-78.184887, 0.210849], [-78.184933, 0.210809], [-78.18498, 0.210763], [-78.185001, 0.210716], [-78.185016, 0.210653], [-78.185017, 0.210585], [-78.185027, 0.210504], [-78.185027, 0.210392], [-78.185026, 0.210383], [-78.185023, 0.210374], [-78.18502, 0.210366], [-78.185018, 0.210357], [-78.185016, 0.210348], [-78.185014, 0.21034], [-78.185012, 0.210331], [-78.185011, 0.210322], [-78.18501, 0.210313], [-78.18501, 0.210304], [-78.185011, 0.210295], [-78.185013, 0.210286], [-78.185015, 0.210278], [-78.185018, 0.210269], [-78.18502, 0.21026], [-78.185022, 0.210252], [-78.185025, 0.210243], [-78.185027, 0.210234], [-78.185029, 0.210225], [-78.18503, 0.210217], [-78.185033, 0.210208], [-78.185038, 0.210201], [-78.185043, 0.210193], [-78.185047, 0.210185], [-78.185052, 0.210178], [-78.185058, 0.210171], [-78.185064, 0.210164], [-78.18507, 0.210158], [-78.185073, 0.210154], [-78.185075, 0.21015], [-78.185079, 0.210142], [-78.185083, 0.210134], [-78.185087, 0.210126], [-78.185091, 0.210118], [-78.185093, 0.210109], [-78.185094, 0.2101], [-78.185096, 0.210091], [-78.185098, 0.210082], [-78.185099, 0.210073], [-78.1851, 0.210065], [-78.185102, 0.210056], [-78.185103, 0.210047], [-78.185105, 0.210038], [-78.185106, 0.210029], [-78.185108, 0.21002], [-78.185108, 0.210011], [-78.185108, 0.210002], [-78.185108, 0.209993], [-78.185108, 0.209984], [-78.185108, 0.209975], [-78.185108, 0.209966], [-78.185108, 0.209957], [-78.185109, 0.209949], [-78.18511, 0.20994], [-78.185112, 0.209931], [-78.185114, 0.209922], [-78.185116, 0.209913], [-78.185118, 0.209904], [-78.18512, 0.209896], [-78.185123, 0.209887], [-78.185125, 0.209878], [-78.185133, 0.209855], [-78.185136, 0.209847], [-78.185136, 0.209838], [-78.185136, 0.20983], [-78.185137, 0.209821], [-78.185138, 0.209812], [-78.185139, 0.209804], [-78.18514, 0.209795], [-78.18514, 0.209786], [-78.18514, 0.209777], [-78.185142, 0.209768], [-78.185143, 0.20976], [-78.185144, 0.209751], [-78.185145, 0.209742], [-78.185145, 0.209733], [-78.185145, 0.209724], [-78.185145, 0.209714], [-78.185145, 0.209705], [-78.185145, 0.209696], [-78.185145, 0.209687], [-78.185145, 0.209678], [-78.185146, 0.20967], [-78.185148, 0.209661], [-78.185149, 0.209652], [-78.18515, 0.209643], [-78.185151, 0.209634], [-78.185154, 0.209625], [-78.185157, 0.209617], [-78.18516, 0.209608], [-78.185163, 0.2096], [-78.185166, 0.209592], [-78.185168, 0.209583], [-78.18517, 0.209575], [-78.185171, 0.209566], [-78.185172, 0.209557], [-78.185172, 0.209548], [-78.18517, 0.20954], [-78.185168, 0.209531], [-78.185162, 0.209523], [-78.185156, 0.209517], [-78.185155, 0.209517], [-78.18515, 0.209509], [-78.185147, 0.209501], [-78.185145, 0.209492], [-78.185142, 0.209484], [-78.185139, 0.209475], [-78.185137, 0.209466], [-78.185137, 0.209457], [-78.185137, 0.209448], [-78.185138, 0.209439], [-78.185139, 0.20943], [-78.185141, 0.209422], [-78.185143, 0.209414], [-78.185146, 0.209405], [-78.185149, 0.209397], [-78.185152, 0.209388], [-78.185154, 0.20938], [-78.185155, 0.209371], [-78.185157, 0.209362], [-78.185159, 0.209353], [-78.185161, 0.209345], [-78.185162, 0.209337], [-78.185162, 0.209328], [-78.185163, 0.209319], [-78.185164, 0.209312], [-78.185165, 0.209305], [-78.185165, 0.209296], [-78.185165, 0.209292], [-78.185165, 0.209287], [-78.185163, 0.209279], [-78.185162, 0.209271], [-78.185159, 0.209265], [-78.185157, 0.209256], [-78.185155, 0.209247], [-78.185152, 0.209239], [-78.185149, 0.20923], [-78.185147, 0.209221], [-78.185144, 0.209213], [-78.18514, 0.209205], [-78.185133, 0.209195], [-78.185129, 0.209187], [-78.185121, 0.209181], [-78.185115, 0.209174], [-78.185111, 0.209166], [-78.185108, 0.209158], [-78.185105, 0.209149], [-78.185102, 0.209141], [-78.1851, 0.209132], [-78.185097, 0.209124], [-78.185094, 0.209115], [-78.18509, 0.209107], [-78.185088, 0.209098], [-78.185085, 0.20909], [-78.185081, 0.209081], [-78.185079, 0.209073], [-78.185075, 0.209065], [-78.185073, 0.209056], [-78.185072, 0.209047], [-78.18507, 0.209038], [-78.185069, 0.209029], [-78.185068, 0.20902], [-78.185067, 0.209011], [-78.185065, 0.209002], [-78.185064, 0.208994], [-78.185062, 0.208985], [-78.185061, 0.208976], [-78.185061, 0.208967], [-78.185069, 0.20895], [-78.185079, 0.208935], [-78.185081, 0.208926], [-78.185085, 0.208918], [-78.185089, 0.20891], [-78.185092, 0.208901], [-78.185095, 0.208893], [-78.185098, 0.208885], [-78.185102, 0.208876], [-78.185106, 0.208868], [-78.185109, 0.20886], [-78.185113, 0.208852], [-78.185118, 0.208844], [-78.185122, 0.208837], [-78.185126, 0.208829], [-78.185131, 0.208821], [-78.185135, 0.208814], [-78.185139, 0.208806], [-78.185144, 0.208799], [-78.185149, 0.208791], [-78.185154, 0.208784], [-78.185159, 0.208776], [-78.185165, 0.20877], [-78.185172, 0.208763], [-78.185177, 0.208756], [-78.185183, 0.20875], [-78.185189, 0.208743], [-78.185195, 0.208737], [-78.185201, 0.20873], [-78.185207, 0.208724], [-78.185214, 0.208717], [-78.185219, 0.20871], [-78.185225, 0.208704], [-78.185232, 0.208698], [-78.185238, 0.208692], [-78.185245, 0.208686], [-78.185259, 0.208679], [-78.185266, 0.208673], [-78.185273, 0.208667], [-78.18528, 0.208662], [-78.185287, 0.208656], [-78.185293, 0.20865], [-78.185301, 0.208645], [-78.185307, 0.208639], [-78.185314, 0.208633], [-78.185321, 0.208627], [-78.185327, 0.208621], [-78.185333, 0.208613], [-78.185339, 0.208607], [-78.185345, 0.208601], [-78.185351, 0.208594], [-78.185357, 0.208587], [-78.185363, 0.20858], [-78.185368, 0.208573], [-78.185374, 0.208566], [-78.18538, 0.208559], [-78.185386, 0.208553], [-78.185392, 0.208547], [-78.185398, 0.20854], [-78.185404, 0.208533], [-78.185411, 0.208527], [-78.185417, 0.208521], [-78.185422, 0.208513], [-78.185428, 0.208506], [-78.185434, 0.2085], [-78.185439, 0.208493], [-78.185445, 0.208486], [-78.185449, 0.208479], [-78.185454, 0.208471], [-78.185459, 0.208464], [-78.185463, 0.208457], [-78.185468, 0.20845], [-78.185473, 0.208442], [-78.185476, 0.208434], [-78.185481, 0.208426], [-78.185485, 0.208418], [-78.185489, 0.20841], [-78.185492, 0.208402], [-78.185496, 0.208394], [-78.185498, 0.208385], [-78.185503, 0.208377], [-78.185505, 0.208368], [-78.185508, 0.20836], [-78.185511, 0.208352], [-78.185515, 0.208343], [-78.185518, 0.208335], [-78.185521, 0.208327], [-78.185525, 0.208318], [-78.185529, 0.20831], [-78.185533, 0.208302], [-78.185537, 0.208294], [-78.185541, 0.208286], [-78.185598, 0.208227], [-78.185529, 0.208199], [-78.185381, 0.20814], [-78.185232, 0.208084], [-78.185043, 0.208004], [-78.18489, 0.207935], [-78.184727, 0.207829], [-78.184629, 0.207768], [-78.184462, 0.207693], [-78.18429, 0.207609], [-78.184228, 0.207579], [-78.184188, 0.207559], [-78.184163, 0.207547], [-78.184157, 0.207545], [-78.18415, 0.207544], [-78.184129, 0.207539], [-78.184105, 0.207539], [-78.184064, 0.207516], [-78.183843, 0.207393], [-78.183673, 0.20728], [-78.183655, 0.207268], [-78.183509, 0.207173], [-78.182827, 0.206702], [-78.182264, 0.206375], [-78.182227, 0.206354], [-78.181568, 0.205994], [-78.18076, 0.205571]]]], "type": "MultiPolygon"}}, {"type": "Feature", "properties": {"sc": "20", "num_muestra": 20, "codigo_muestra": "20", "tipologia": "A", "etiqueta": "20|A", "etiquetaSC": "20|A", "parroquia": "SAN PABLO", "circunscripcion": "CIRCUNSCRIPCION RURAL", "canton": "OTAVALO", "sec_anm": "100457002003", "pob_t": 391.0, "v_pres": 101.0, "dens_pob": 958.8, "bbox": [[-78.184204, 0.197416], [-78.171983, 0.203177]], "centroid": [-78.179143, 0.200281]}, "geometry": {"coordinates": [[[[-78.173898, 0.20208], [-78.173223, 0.201795], [-78.173155, 0.201762], [-78.172189, 0.201292], [-78.172048, 0.201252], [-78.17202, 0.201245], [-78.171983, 0.201234], [-78.171994, 0.201199], [-78.17208, 0.201077], [-78.172127, 0.200959], [-78.172153, 0.200844], [-78.17218, 0.200658], [-78.172281, 0.200508], [-78.172396, 0.20036], [-78.172517, 0.200264], [-78.172681, 0.20021], [-78.17289, 0.200135], [-78.173078, 0.20004], [-78.173199, 0.199943], [-78.173276, 0.199824], [-78.173325, 0.199736], [-78.173391, 0.199651], [-78.173483, 0.199606], [-78.173578, 0.19959], [-78.173628, 0.199572], [-78.173679, 0.199511], [-78.17367, 0.199448], [-78.173642, 0.199372], [-78.173617, 0.199147], [-78.173647, 0.199143], [-78.173762, 0.199126], [-78.173889, 0.199086], [-78.174047, 0.199033], [-78.174265, 0.198953], [-78.174352, 0.198895], [-78.174412, 0.198709], [-78.174476, 0.198595], [-78.174537, 0.198551], [-78.174684, 0.198572], [-78.174879, 0.198589], [-78.175051, 0.198536], [-78.175273, 0.198398], [-78.17546, 0.198182], [-78.175616, 0.198005], [-78.175789, 0.197901], [-78.175833, 0.197865], [-78.175859, 0.197793], [-78.175887, 0.197694], [-78.175942, 0.197602], [-78.176059, 0.197501], [-78.176142, 0.19749], [-78.17623, 0.197552], [-78.176309, 0.19763], [-78.176388, 0.19775], [-78.176468, 0.197759], [-78.176615, 0.197752], [-78.176707, 0.197748], [-78.176995, 0.197808], [-78.177032, 0.197782], [-78.177044, 0.197774], [-78.177091, 0.19774], [-78.177225, 0.19767], [-78.177347, 0.197626], [-78.177717, 0.197539], [-78.178108, 0.197471], [-78.178155, 0.197459], [-78.17832, 0.197416], [-78.178354, 0.197463], [-78.178918, 0.197854], [-78.179223, 0.197938], [-78.179563, 0.197999], [-78.17974, 0.198029], [-78.179959, 0.198112], [-78.180111, 0.198191], [-78.180175, 0.198215], [-78.180256, 0.198233], [-78.18037, 0.198223], [-78.180557, 0.198259], [-78.18065, 0.198277], [-78.180729, 0.198309], [-78.180847, 0.198382], [-78.180954, 0.198433], [-78.181056, 0.198442], [-78.181158, 0.198435], [-78.181241, 0.198503], [-78.181338, 0.198584], [-78.181394, 0.198642], [-78.181129, 0.19887], [-78.18104, 0.198965], [-78.180756, 0.199266], [-78.180798, 0.199309], [-78.181135, 0.199543], [-78.181163, 0.199563], [-78.181446, 0.199773], [-78.18164, 0.199905], [-78.181785, 0.200009], [-78.181835, 0.200045], [-78.181858, 0.200062], [-78.182053, 0.200202], [-78.182295, 0.200358], [-78.182478, 0.200488], [-78.182722, 0.200664], [-78.18283, 0.200732], [-78.182856, 0.200748], [-78.182857, 0.200749], [-78.182881, 0.200764], [-78.18286, 0.200778], [-78.182884, 0.200795], [-78.182888, 0.200798], [-78.182948, 0.200839], [-78.183574, 0.201274], [-78.183789, 0.201423], [-78.18402, 0.201568], [-78.184108, 0.201633], [-78.184161, 0.201672], [-78.184204, 0.201704], [-78.184204, 0.201704], [-78.184204, 0.201704], [-78.184098, 0.201782], [-78.184015, 0.201849], [-78.18381, 0.202013], [-78.183664, 0.202137], [-78.183651, 0.202148], [-78.183457, 0.202315], [-78.183207, 0.20253], [-78.182852, 0.202878], [-78.182573, 0.203153], [-78.182548, 0.203177], [-78.182203, 0.202968], [-78.181812, 0.202785], [-78.181794, 0.20278], [-78.181764, 0.202773], [-78.181757, 0.202772], [-78.181747, 0.202769], [-78.181657, 0.202748], [-78.181651, 0.202746], [-78.181616, 0.202738], [-78.181578, 0.202729], [-78.181527, 0.202717], [-78.181495, 0.202709], [-78.181464, 0.202702], [-78.181456, 0.2027], [-78.181445, 0.202698], [-78.181402, 0.202688], [-78.181354, 0.202677], [-78.181289, 0.202662], [-78.181277, 0.202659], [-78.181248, 0.202653], [-78.181246, 0.202652], [-78.181195, 0.202642], [-78.181174, 0.202639], [-78.181134, 0.202631], [-78.181109, 0.202626], [-78.181106, 0.202626], [-78.181105, 0.202626], [-78.181104, 0.202626], [-78.181102, 0.202625], [-78.1811, 0.202625], [-78.181084, 0.202623], [-78.181061, 0.20262], [-78.181024, 0.202615], [-78.18098, 0.202613], [-78.180912, 0.20261], [-78.18084, 0.202609], [-78.180789, 0.202608], [-78.180537, 0.202616], [-78.180341, 0.202629], [-78.180168, 0.202623], [-78.180001, 0.202587], [-78.179832, 0.202529], [-78.179792, 0.20251], [-78.179724, 0.202478], [-78.179589, 0.202394], [-78.179456, 0.202313], [-78.179413, 0.202286], [-78.179376, 0.202263], [-78.17933, 0.202236], [-78.179234, 0.202179], [-78.17923, 0.202177], [-78.179226, 0.202175], [-78.179223, 0.202173], [-78.179206, 0.202164], [-78.179195, 0.202159], [-78.179181, 0.202151], [-78.179169, 0.202145], [-78.179166, 0.202143], [-78.179147, 0.202133], [-78.179117, 0.202118], [-78.179071, 0.202094], [-78.179045, 0.20208], [-78.179001, 0.202054], [-78.178919, 0.202005], [-78.17886, 0.20197], [-78.178219, 0.201587], [-78.177345, 0.201037], [-78.176984, 0.200806], [-78.176752, 0.200662], [-78.176143, 0.200299], [-78.17597, 0.200202], [-78.175662, 0.200029], [-78.175526, 0.199951], [-78.175241, 0.199787], [-78.175131, 0.199724], [-78.174947, 0.20002], [-78.17486, 0.200164], [-78.174709, 0.200415], [-78.174702, 0.200429], [-78.174628, 0.200579], [-78.174466, 0.200904], [-78.174265, 0.201331], [-78.17423, 0.201404], [-78.17422, 0.201426], [-78.173941, 0.201993], [-78.173919, 0.202036], [-78.173898, 0.20208]]]], "type": "MultiPolygon"}}, {"type": "Feature", "properties": {"sc": "21", "num_muestra": 21, "codigo_muestra": "21", "tipologia": "F", "etiqueta": "21|F", "etiquetaSC": "21|F", "parroquia": "SAN PABLO", "circunscripcion": "CIRCUNSCRIPCION RURAL", "canton": "OTAVALO", "sec_anm": "100457001004", "pob_t": 303.0, "v_pres": 93.0, "dens_pob": 1781.31, "bbox": [[-78.197697, 0.19685], [-78.191149, 0.202713]], "centroid": [-78.193745, 0.19976]}, "geometry": {"coordinates": [[[[-78.192541, 0.200749], [-78.192521, 0.20069], [-78.19235, 0.200502], [-78.192146, 0.200279], [-78.191939, 0.200066], [-78.191679, 0.1998], [-78.192181, 0.199367], [-78.191922, 0.199088], [-78.191912, 0.199078], [-78.191751, 0.198905], [-78.191149, 0.198262], [-78.191397, 0.198034], [-78.191802, 0.197689], [-78.19183, 0.197665], [-78.192322, 0.197257], [-78.192481, 0.197137], [-78.192842, 0.19685], [-78.192887, 0.196897], [-78.193179, 0.197182], [-78.193463, 0.197468], [-78.19356, 0.197565], [-78.193668, 0.197678], [-78.193921, 0.197944], [-78.194263, 0.198302], [-78.194344, 0.198368], [-78.19441, 0.19842], [-78.194441, 0.198445], [-78.194465, 0.198464], [-78.194482, 0.198478], [-78.194509, 0.198499], [-78.194576, 0.198561], [-78.194595, 0.198579], [-78.194624, 0.198607], [-78.194682, 0.198664], [-78.194736, 0.19872], [-78.194901, 0.198872], [-78.195127, 0.199084], [-78.19522, 0.19917], [-78.195272, 0.199231], [-78.195285, 0.199247], [-78.195322, 0.199292], [-78.195325, 0.199295], [-78.195356, 0.199336], [-78.195379, 0.199369], [-78.195376, 0.199389], [-78.195419, 0.199412], [-78.195505, 0.199502], [-78.195625, 0.199627], [-78.195665, 0.199665], [-78.195722, 0.199719], [-78.195834, 0.199828], [-78.195996, 0.200023], [-78.196165, 0.200194], [-78.196313, 0.200334], [-78.196425, 0.200447], [-78.196558, 0.200581], [-78.1967, 0.200705], [-78.196784, 0.200787], [-78.196867, 0.200861], [-78.196947, 0.200944], [-78.197137, 0.20113], [-78.197349, 0.201346], [-78.197523, 0.201514], [-78.197638, 0.201622], [-78.197697, 0.201675], [-78.197696, 0.201675], [-78.197696, 0.201675], [-78.197683, 0.201684], [-78.197646, 0.201715], [-78.197633, 0.201726], [-78.197612, 0.201743], [-78.197482, 0.201853], [-78.197434, 0.201893], [-78.197294, 0.202012], [-78.197177, 0.202112], [-78.197175, 0.202113], [-78.197047, 0.202222], [-78.197018, 0.202247], [-78.196861, 0.202381], [-78.196736, 0.202489], [-78.196672, 0.202547], [-78.196663, 0.202556], [-78.196503, 0.202713], [-78.196162, 0.202369], [-78.194227, 0.200417], [-78.193808, 0.200044], [-78.193596, 0.200202], [-78.193237, 0.200469], [-78.192801, 0.200815], [-78.192751, 0.200818], [-78.192639, 0.200777], [-78.192591, 0.200761], [-78.192541, 0.200749]]]], "type": "MultiPolygon"}}, {"type": "Feature", "properties": {"sc": "22", "num_muestra": 22, "codigo_muestra": "22", "tipologia": "C", "etiqueta": "22|C", "etiquetaSC": "22|C", "parroquia": "SAN PABLO", "circunscripcion": "CIRCUNSCRIPCION RURAL", "canton": "OTAVALO", "sec_anm": "100457002007", "pob_t": 483.0, "v_pres": 143.0, "dens_pob": 3265.72, "bbox": [[-78.189332, 0.193202], [-78.18403, 0.197608]], "centroid": [-78.186781, 0.195404]}, "geometry": {"coordinates": [[[[-78.188528, 0.1934], [-78.188634, 0.193511], [-78.188644, 0.193517], [-78.188678, 0.19354], [-78.188661, 0.193559], [-78.188686, 0.193583], [-78.188712, 0.193608], [-78.188736, 0.19363], [-78.188838, 0.193741], [-78.188874, 0.193783], [-78.188896, 0.193809], [-78.188937, 0.193855], [-78.189039, 0.193975], [-78.18912, 0.194067], [-78.189184, 0.194141], [-78.189233, 0.194199], [-78.189296, 0.194272], [-78.189332, 0.194313], [-78.189311, 0.194334], [-78.189245, 0.194404], [-78.189099, 0.194527], [-78.188961, 0.19466], [-78.188889, 0.194725], [-78.18888, 0.194734], [-78.188825, 0.194784], [-78.188807, 0.194801], [-78.188788, 0.194825], [-78.188758, 0.194864], [-78.188679, 0.194935], [-78.188636, 0.194973], [-78.188581, 0.195022], [-78.188501, 0.195097], [-78.188403, 0.195179], [-78.18838, 0.195201], [-78.188358, 0.195223], [-78.188345, 0.195235], [-78.188391, 0.195281], [-78.188488, 0.195383], [-78.188564, 0.195463], [-78.188678, 0.195573], [-78.188764, 0.19567], [-78.188787, 0.195693], [-78.188806, 0.195713], [-78.188844, 0.195751], [-78.188913, 0.19582], [-78.189025, 0.195953], [-78.189151, 0.196086], [-78.18925, 0.196205], [-78.189276, 0.196233], [-78.189261, 0.196253], [-78.189238, 0.19627], [-78.189162, 0.196328], [-78.189073, 0.196402], [-78.18897, 0.19649], [-78.188872, 0.196573], [-78.188787, 0.196645], [-78.188761, 0.196667], [-78.188748, 0.196679], [-78.188738, 0.196689], [-78.188736, 0.196691], [-78.188674, 0.196745], [-78.188594, 0.196811], [-78.188522, 0.196883], [-78.188447, 0.196954], [-78.18837, 0.19702], [-78.188281, 0.1971], [-78.188246, 0.19714], [-78.188234, 0.197152], [-78.188222, 0.197163], [-78.188178, 0.197197], [-78.188104, 0.197263], [-78.188012, 0.197344], [-78.187906, 0.197436], [-78.187825, 0.197512], [-78.187777, 0.197553], [-78.187753, 0.197574], [-78.187727, 0.197597], [-78.187714, 0.197608], [-78.187699, 0.197591], [-78.187691, 0.197582], [-78.187666, 0.197558], [-78.18758, 0.197478], [-78.18755, 0.19744], [-78.1875, 0.197378], [-78.187266, 0.197119], [-78.187249, 0.1971], [-78.187189, 0.197033], [-78.187046, 0.196891], [-78.186945, 0.196777], [-78.186824, 0.196667], [-78.186779, 0.196636], [-78.186756, 0.196621], [-78.186756, 0.196621], [-78.186737, 0.196602], [-78.18673, 0.196596], [-78.18671, 0.196576], [-78.186625, 0.196484], [-78.186483, 0.196332], [-78.186326, 0.196174], [-78.18626, 0.19611], [-78.186233, 0.196084], [-78.186115, 0.196007], [-78.185944, 0.195924], [-78.185805, 0.195875], [-78.185644, 0.195825], [-78.185558, 0.195794], [-78.185499, 0.195773], [-78.185494, 0.195769], [-78.185492, 0.195769], [-78.185344, 0.195681], [-78.185225, 0.195579], [-78.185136, 0.195469], [-78.185086, 0.195416], [-78.18504, 0.195399], [-78.184998, 0.195409], [-78.184859, 0.195483], [-78.184639, 0.195631], [-78.184528, 0.195737], [-78.184482, 0.195777], [-78.18444, 0.195841], [-78.184401, 0.195911], [-78.184369, 0.195959], [-78.184333, 0.195979], [-78.18426, 0.196037], [-78.184268, 0.195993], [-78.184264, 0.195945], [-78.184252, 0.195914], [-78.184222, 0.195869], [-78.184174, 0.19581], [-78.184168, 0.195804], [-78.184162, 0.195797], [-78.184156, 0.19579], [-78.184152, 0.195782], [-78.184149, 0.195773], [-78.184146, 0.195765], [-78.184142, 0.195757], [-78.184136, 0.19575], [-78.184134, 0.195741], [-78.184133, 0.195732], [-78.18413, 0.195724], [-78.184126, 0.195715], [-78.184122, 0.195707], [-78.184118, 0.195699], [-78.184114, 0.195691], [-78.184111, 0.195682], [-78.18411, 0.195679], [-78.184108, 0.195674], [-78.184104, 0.195666], [-78.184101, 0.195658], [-78.184099, 0.195649], [-78.184096, 0.19564], [-78.184093, 0.195632], [-78.184092, 0.195628], [-78.184091, 0.195628], [-78.18409, 0.195623], [-78.184088, 0.195614], [-78.184087, 0.195612], [-78.184086, 0.195606], [-78.184083, 0.195597], [-78.184081, 0.195588], [-78.184078, 0.19558], [-78.184077, 0.195571], [-78.184075, 0.195562], [-78.184074, 0.195558], [-78.184073, 0.195553], [-78.184071, 0.195544], [-78.184068, 0.195536], [-78.184066, 0.195527], [-78.184065, 0.195518], [-78.184062, 0.19551], [-78.184062, 0.195501], [-78.184062, 0.195492], [-78.18406, 0.195483], [-78.184059, 0.195474], [-78.184057, 0.195465], [-78.184057, 0.195456], [-78.184057, 0.195447], [-78.184055, 0.195438], [-78.184055, 0.195429], [-78.184053, 0.19542], [-78.184052, 0.195411], [-78.184052, 0.195406], [-78.184052, 0.195403], [-78.184052, 0.195403], [-78.184052, 0.195394], [-78.184052, 0.195385], [-78.184052, 0.195376], [-78.184052, 0.195367], [-78.184052, 0.195358], [-78.184052, 0.195349], [-78.184052, 0.19534], [-78.184051, 0.195333], [-78.18405, 0.195331], [-78.18405, 0.195322], [-78.18405, 0.195313], [-78.18405, 0.195304], [-78.18405, 0.195295], [-78.184048, 0.195286], [-78.184047, 0.195283], [-78.184047, 0.195277], [-78.184046, 0.195268], [-78.184045, 0.195259], [-78.184045, 0.19525], [-78.184044, 0.195241], [-78.184042, 0.195232], [-78.184041, 0.195223], [-78.18404, 0.195214], [-78.184039, 0.195209], [-78.184039, 0.195205], [-78.184038, 0.195198], [-78.184037, 0.195196], [-78.184037, 0.195187], [-78.184037, 0.195178], [-78.184037, 0.195169], [-78.184037, 0.19516], [-78.184035, 0.195151], [-78.184035, 0.195143], [-78.184034, 0.195134], [-78.184033, 0.195125], [-78.184032, 0.195116], [-78.184031, 0.195107], [-78.18403, 0.195098], [-78.18403, 0.195089], [-78.18403, 0.19508], [-78.18403, 0.195071], [-78.184031, 0.195062], [-78.184033, 0.195053], [-78.184034, 0.195044], [-78.184036, 0.195035], [-78.184037, 0.195026], [-78.184037, 0.195017], [-78.184037, 0.195008], [-78.184038, 0.194999], [-78.18404, 0.19499], [-78.184043, 0.194982], [-78.184047, 0.194974], [-78.18405, 0.194965], [-78.184055, 0.194957], [-78.184059, 0.19495], [-78.184065, 0.194943], [-78.184071, 0.194936], [-78.184077, 0.19493], [-78.184084, 0.194923], [-78.184089, 0.194919], [-78.184091, 0.194918], [-78.184097, 0.194911], [-78.184099, 0.194909], [-78.184103, 0.194905], [-78.18411, 0.194899], [-78.184118, 0.194895], [-78.184126, 0.19489], [-78.184133, 0.194885], [-78.184141, 0.194881], [-78.184149, 0.194877], [-78.184157, 0.194873], [-78.184166, 0.19487], [-78.184174, 0.194866], [-78.184182, 0.194863], [-78.18419, 0.194859], [-78.184199, 0.194856], [-78.18421, 0.194853], [-78.184218, 0.194849], [-78.184226, 0.194846], [-78.184234, 0.194842], [-78.184242, 0.194837], [-78.18425, 0.194833], [-78.184258, 0.194829], [-78.184265, 0.194824], [-78.184272, 0.194818], [-78.18428, 0.194814], [-78.184287, 0.194808], [-78.184295, 0.194804], [-78.184303, 0.1948], [-78.184311, 0.194796], [-78.184319, 0.194792], [-78.184328, 0.194789], [-78.184336, 0.194785], [-78.184344, 0.194782], [-78.184352, 0.194778], [-78.18436, 0.194774], [-78.184368, 0.19477], [-78.184376, 0.194766], [-78.184384, 0.194762], [-78.184392, 0.194757], [-78.184399, 0.194752], [-78.184407, 0.194747], [-78.184415, 0.194743], [-78.184423, 0.194739], [-78.184431, 0.194735], [-78.18444, 0.194732], [-78.184448, 0.194729], [-78.184455, 0.194727], [-78.184457, 0.194726], [-78.184465, 0.194723], [-78.184474, 0.19472], [-78.184482, 0.194718], [-78.184491, 0.194716], [-78.1845, 0.194714], [-78.184509, 0.194713], [-78.184517, 0.19471], [-78.184526, 0.194708], [-78.184535, 0.194707], [-78.184544, 0.194705], [-78.184552, 0.194703], [-78.184561, 0.194701], [-78.18457, 0.194698], [-78.184578, 0.194696], [-78.184587, 0.194693], [-78.184595, 0.194689], [-78.184602, 0.194684], [-78.18461, 0.194679], [-78.184618, 0.194675], [-78.184626, 0.194671], [-78.184633, 0.194666], [-78.18464, 0.19466], [-78.184648, 0.194655], [-78.184653, 0.194653], [-78.184656, 0.194651], [-78.184663, 0.194646], [-78.18467, 0.194641], [-78.184677, 0.194635], [-78.184685, 0.194631], [-78.184693, 0.194626], [-78.184701, 0.194622], [-78.184709, 0.194618], [-78.184717, 0.194613], [-78.184724, 0.194609], [-78.184733, 0.194605], [-78.184741, 0.194601], [-78.184748, 0.194595], [-78.184755, 0.194591], [-78.184764, 0.194587], [-78.184772, 0.194584], [-78.184779, 0.194579], [-78.184788, 0.194577], [-78.184796, 0.194573], [-78.184805, 0.19457], [-78.184813, 0.194567], [-78.184821, 0.194563], [-78.184829, 0.194559], [-78.184838, 0.194556], [-78.184845, 0.19455], [-78.184852, 0.194544], [-78.184858, 0.194538], [-78.184864, 0.194532], [-78.18487, 0.194525], [-78.184874, 0.194517], [-78.184878, 0.194508], [-78.184882, 0.194501], [-78.184886, 0.194492], [-78.184889, 0.194484], [-78.184892, 0.194475], [-78.184896, 0.194467], [-78.1849, 0.194459], [-78.184903, 0.194451], [-78.184904, 0.194447], [-78.184905, 0.194442], [-78.184908, 0.194433], [-78.18491, 0.194424], [-78.184911, 0.194415], [-78.184912, 0.194407], [-78.184912, 0.194397], [-78.184913, 0.194388], [-78.184914, 0.19438], [-78.184915, 0.194371], [-78.184915, 0.194362], [-78.184915, 0.194352], [-78.184915, 0.194343], [-78.184913, 0.194335], [-78.184912, 0.194326], [-78.184911, 0.194317], [-78.18491, 0.194308], [-78.184908, 0.194299], [-78.184906, 0.19429], [-78.184904, 0.194281], [-78.184901, 0.194273], [-78.184898, 0.194264], [-78.184896, 0.194255], [-78.184893, 0.194247], [-78.184891, 0.194238], [-78.184889, 0.194229], [-78.184888, 0.19422], [-78.184886, 0.194211], [-78.184884, 0.194203], [-78.184881, 0.194194], [-78.184878, 0.194186], [-78.184875, 0.194177], [-78.184873, 0.194168], [-78.18487, 0.19416], [-78.184868, 0.194151], [-78.184865, 0.194142], [-78.184862, 0.194134], [-78.184859, 0.194125], [-78.184856, 0.194117], [-78.184853, 0.194108], [-78.184851, 0.1941], [-78.184847, 0.194091], [-78.184844, 0.194083], [-78.184839, 0.194075], [-78.184835, 0.194067], [-78.184832, 0.194059], [-78.184829, 0.19405], [-78.184828, 0.194048], [-78.184826, 0.194033], [-78.184826, 0.194024], [-78.184824, 0.194015], [-78.184823, 0.194006], [-78.184822, 0.193997], [-78.184821, 0.193988], [-78.184821, 0.193979], [-78.184822, 0.19397], [-78.184823, 0.193961], [-78.184823, 0.193952], [-78.184823, 0.193943], [-78.184823, 0.193934], [-78.184823, 0.193925], [-78.184824, 0.193916], [-78.184826, 0.193907], [-78.184826, 0.193898], [-78.184828, 0.193889], [-78.184828, 0.19388], [-78.18483, 0.193871], [-78.184832, 0.193863], [-78.184835, 0.193854], [-78.184837, 0.193845], [-78.184841, 0.193837], [-78.184843, 0.193828], [-78.184845, 0.193819], [-78.184847, 0.193811], [-78.184851, 0.193802], [-78.184855, 0.193795], [-78.18486, 0.193787], [-78.184863, 0.193778], [-78.184867, 0.19377], [-78.18487, 0.193762], [-78.184873, 0.193753], [-78.184877, 0.193745], [-78.184883, 0.193738], [-78.184887, 0.19373], [-78.184893, 0.193723], [-78.184898, 0.193716], [-78.184904, 0.193709], [-78.184911, 0.193703], [-78.184917, 0.193696], [-78.184923, 0.19369], [-78.18493, 0.193684], [-78.184937, 0.193679], [-78.184945, 0.193675], [-78.184952, 0.193669], [-78.184959, 0.193663], [-78.184966, 0.193657], [-78.184972, 0.193651], [-78.184979, 0.193645], [-78.184986, 0.19364], [-78.184994, 0.193635], [-78.185001, 0.19363], [-78.185009, 0.193625], [-78.185017, 0.193621], [-78.185023, 0.193618], [-78.185025, 0.193617], [-78.185033, 0.193614], [-78.185041, 0.19361], [-78.18505, 0.193608], [-78.185059, 0.193606], [-78.185067, 0.193603], [-78.185076, 0.193601], [-78.185085, 0.193599], [-78.185094, 0.193597], [-78.185102, 0.193595], [-78.185111, 0.193593], [-78.18512, 0.193591], [-78.185128, 0.193589], [-78.185137, 0.193586], [-78.185146, 0.193583], [-78.185154, 0.19358], [-78.185162, 0.193576], [-78.185171, 0.193573], [-78.185179, 0.193571], [-78.185188, 0.193568], [-78.185196, 0.193565], [-78.185205, 0.193562], [-78.185213, 0.19356], [-78.185222, 0.193556], [-78.18523, 0.193553], [-78.185239, 0.193551], [-78.185247, 0.193548], [-78.185255, 0.193543], [-78.185263, 0.19354], [-78.185272, 0.193537], [-78.18528, 0.193533], [-78.185287, 0.193528], [-78.185294, 0.193522], [-78.185301, 0.193516], [-78.185307, 0.19351], [-78.185314, 0.193504], [-78.185321, 0.193498], [-78.185328, 0.193492], [-78.185334, 0.193486], [-78.18534, 0.193479], [-78.185346, 0.193472], [-78.185352, 0.193466], [-78.185358, 0.193459], [-78.185364, 0.193452], [-78.185368, 0.193444], [-78.185373, 0.193437], [-78.185378, 0.193429], [-78.185382, 0.193421], [-78.185382, 0.193421], [-78.185475, 0.193249], [-78.185486, 0.193232], [-78.185486, 0.193231], [-78.185487, 0.19323], [-78.185495, 0.193241], [-78.185497, 0.193243], [-78.185513, 0.19326], [-78.185561, 0.193311], [-78.185603, 0.193355], [-78.185665, 0.193386], [-78.185701, 0.193415], [-78.18571, 0.193423], [-78.185725, 0.19344], [-78.185929, 0.193661], [-78.186278, 0.194026], [-78.186499, 0.194277], [-78.186524, 0.194309], [-78.186746, 0.194547], [-78.186756, 0.194557], [-78.18677, 0.194573], [-78.186795, 0.194543], [-78.186964, 0.194375], [-78.187096, 0.194252], [-78.187278, 0.194097], [-78.187289, 0.194088], [-78.187311, 0.194069], [-78.187331, 0.194052], [-78.18734, 0.194044], [-78.187428, 0.19397], [-78.1875, 0.193914], [-78.187627, 0.19381], [-78.187767, 0.1937], [-78.187798, 0.193674], [-78.187832, 0.193647], [-78.187873, 0.193614], [-78.187996, 0.193498], [-78.188092, 0.193406], [-78.188207, 0.19332], [-78.188293, 0.193252], [-78.188357, 0.193202], [-78.188384, 0.193231], [-78.188391, 0.193239], [-78.188391, 0.193239], [-78.188417, 0.193267], [-78.188501, 0.193368], [-78.188527, 0.193399], [-78.188528, 0.1934]]]], "type": "MultiPolygon"}}, {"type": "Feature", "properties": {"sc": "23", "num_muestra": 23, "codigo_muestra": "23", "tipologia": "E", "etiqueta": "23|E", "etiquetaSC": "23|E", "parroquia": "SAN RAFAEL", "circunscripcion": "CIRCUNSCRIPCION RURAL", "canton": "OTAVALO", "sec_anm": "100458002002", "pob_t": 270.0, "v_pres": 73.0, "dens_pob": 938.15, "bbox": [[-78.239665, 0.187847], [-78.234288, 0.19473]], "centroid": [-78.236706, 0.191261]}, "geometry": {"coordinates": [[[[-78.236453, 0.194341], [-78.236371, 0.194241], [-78.2363, 0.194118], [-78.236232, 0.193974], [-78.236193, 0.193881], [-78.236125, 0.193576], [-78.23612, 0.193558], [-78.235988, 0.193002], [-78.235855, 0.19247], [-78.235855, 0.192445], [-78.235814, 0.192298], [-78.235754, 0.192201], [-78.235674, 0.19209], [-78.235645, 0.19205], [-78.235551, 0.191972], [-78.235548, 0.191969], [-78.235431, 0.191881], [-78.235294, 0.191778], [-78.235231, 0.191734], [-78.235039, 0.191603], [-78.235035, 0.191601], [-78.234961, 0.191545], [-78.23488, 0.191478], [-78.234811, 0.191405], [-78.234727, 0.191291], [-78.234668, 0.19119], [-78.234618, 0.191066], [-78.23458, 0.190956], [-78.234544, 0.190829], [-78.234524, 0.190714], [-78.234505, 0.190561], [-78.234497, 0.190463], [-78.234497, 0.190333], [-78.2345, 0.19021], [-78.234493, 0.190096], [-78.234485, 0.190053], [-78.234477, 0.190011], [-78.234442, 0.189922], [-78.234406, 0.189867], [-78.234364, 0.189808], [-78.23433, 0.189775], [-78.23429, 0.189736], [-78.234288, 0.189733], [-78.234289, 0.189728], [-78.234289, 0.189719], [-78.23429, 0.18971], [-78.23429, 0.189701], [-78.234291, 0.189692], [-78.234292, 0.189683], [-78.234293, 0.189674], [-78.234294, 0.189665], [-78.234296, 0.189656], [-78.234296, 0.189647], [-78.234298, 0.189638], [-78.2343, 0.189629], [-78.234302, 0.189621], [-78.234304, 0.189612], [-78.234305, 0.189603], [-78.234307, 0.189594], [-78.234309, 0.189585], [-78.234311, 0.189576], [-78.234312, 0.189567], [-78.234313, 0.189558], [-78.234314, 0.189549], [-78.234315, 0.18954], [-78.234317, 0.189532], [-78.234319, 0.189523], [-78.234321, 0.189516], [-78.234323, 0.189508], [-78.234326, 0.189499], [-78.234332, 0.189485], [-78.234335, 0.189479], [-78.234339, 0.189471], [-78.234341, 0.189462], [-78.234342, 0.189457], [-78.234343, 0.189453], [-78.234348, 0.189446], [-78.234352, 0.189438], [-78.234357, 0.18943], [-78.234362, 0.189423], [-78.234367, 0.189415], [-78.234371, 0.189407], [-78.234377, 0.1894], [-78.234383, 0.189393], [-78.234389, 0.189386], [-78.234395, 0.18938], [-78.2344, 0.189373], [-78.234406, 0.189366], [-78.234412, 0.189359], [-78.234416, 0.189351], [-78.234422, 0.189344], [-78.234428, 0.189338], [-78.234435, 0.189331], [-78.234441, 0.189325], [-78.234448, 0.18932], [-78.234456, 0.189314], [-78.234462, 0.189308], [-78.234468, 0.189301], [-78.234474, 0.189294], [-78.234479, 0.189287], [-78.234488, 0.189277], [-78.234495, 0.189271], [-78.234502, 0.189266], [-78.234509, 0.18926], [-78.234515, 0.189253], [-78.234519, 0.189245], [-78.23452, 0.189237], [-78.234517, 0.189228], [-78.234512, 0.189221], [-78.234506, 0.189215], [-78.234506, 0.189206], [-78.234511, 0.189199], [-78.234517, 0.189193], [-78.234524, 0.189187], [-78.234531, 0.189181], [-78.234531, 0.189173], [-78.234528, 0.189165], [-78.234525, 0.189157], [-78.234521, 0.189149], [-78.234518, 0.18914], [-78.234519, 0.189131], [-78.234519, 0.189131], [-78.23452, 0.189123], [-78.234523, 0.189115], [-78.234525, 0.189107], [-78.23453, 0.189099], [-78.234535, 0.189092], [-78.23454, 0.189084], [-78.234547, 0.189079], [-78.234543, 0.189071], [-78.234536, 0.189062], [-78.234531, 0.189055], [-78.234529, 0.189048], [-78.234534, 0.18904], [-78.23454, 0.189034], [-78.234546, 0.189027], [-78.234552, 0.189021], [-78.234558, 0.189014], [-78.234564, 0.189008], [-78.23457, 0.189001], [-78.234572, 0.188992], [-78.234574, 0.188984], [-78.234579, 0.188976], [-78.234584, 0.188969], [-78.234591, 0.188963], [-78.234599, 0.188959], [-78.234607, 0.188956], [-78.234616, 0.188952], [-78.234624, 0.188949], [-78.23463, 0.188943], [-78.234636, 0.188937], [-78.234641, 0.188931], [-78.234646, 0.188923], [-78.234648, 0.188914], [-78.234651, 0.188906], [-78.234654, 0.188897], [-78.234655, 0.188888], [-78.234655, 0.188879], [-78.234656, 0.188871], [-78.234656, 0.18887], [-78.234658, 0.188862], [-78.234659, 0.188854], [-78.234662, 0.188845], [-78.234666, 0.188837], [-78.234672, 0.188831], [-78.234678, 0.188825], [-78.234684, 0.188819], [-78.234692, 0.188814], [-78.234698, 0.188807], [-78.234702, 0.188799], [-78.234707, 0.188792], [-78.234717, 0.188778], [-78.234722, 0.188773], [-78.234729, 0.188769], [-78.234737, 0.188766], [-78.234741, 0.188762], [-78.234746, 0.188756], [-78.234751, 0.188749], [-78.234758, 0.188744], [-78.234766, 0.188739], [-78.234771, 0.188733], [-78.234775, 0.18873], [-78.234782, 0.188724], [-78.234789, 0.188719], [-78.234795, 0.188713], [-78.234803, 0.188709], [-78.23481, 0.188704], [-78.234817, 0.188698], [-78.234824, 0.188692], [-78.234829, 0.188685], [-78.234836, 0.188679], [-78.234843, 0.188673], [-78.23485, 0.188668], [-78.234856, 0.188662], [-78.234861, 0.188654], [-78.234866, 0.188647], [-78.234871, 0.188639], [-78.234875, 0.188631], [-78.234879, 0.188623], [-78.234883, 0.188615], [-78.234887, 0.188607], [-78.23489, 0.188598], [-78.234892, 0.18859], [-78.234896, 0.188582], [-78.234902, 0.188574], [-78.234908, 0.188568], [-78.23491, 0.18856], [-78.23492, 0.188549], [-78.234928, 0.188544], [-78.234936, 0.18854], [-78.234948, 0.188537], [-78.234952, 0.188535], [-78.23496, 0.18853], [-78.234968, 0.188526], [-78.234976, 0.188522], [-78.234984, 0.188519], [-78.234992, 0.188515], [-78.235, 0.188512], [-78.235007, 0.188511], [-78.235016, 0.188512], [-78.235023, 0.188516], [-78.235032, 0.188515], [-78.235041, 0.188514], [-78.235049, 0.188511], [-78.235056, 0.188505], [-78.235064, 0.188501], [-78.235072, 0.188497], [-78.23508, 0.188494], [-78.235088, 0.18849], [-78.235096, 0.188488], [-78.235105, 0.188486], [-78.235114, 0.188484], [-78.235122, 0.188484], [-78.23513, 0.188485], [-78.235139, 0.188484], [-78.235146, 0.188482], [-78.235147, 0.188481], [-78.235154, 0.188477], [-78.235163, 0.188475], [-78.235172, 0.188474], [-78.235181, 0.188473], [-78.23519, 0.188471], [-78.235194, 0.188469], [-78.2352, 0.188467], [-78.235208, 0.188465], [-78.235215, 0.188462], [-78.235219, 0.188461], [-78.235224, 0.18846], [-78.23523, 0.188462], [-78.235238, 0.188463], [-78.235246, 0.188462], [-78.235254, 0.188461], [-78.235258, 0.18846], [-78.235267, 0.188458], [-78.235272, 0.188455], [-78.235276, 0.188453], [-78.235279, 0.188449], [-78.235281, 0.188448], [-78.235286, 0.188447], [-78.235293, 0.188446], [-78.235299, 0.188448], [-78.235308, 0.188448], [-78.235317, 0.188447], [-78.235325, 0.188445], [-78.235333, 0.188442], [-78.235338, 0.188438], [-78.235346, 0.188437], [-78.235355, 0.188436], [-78.235363, 0.188434], [-78.235373, 0.188431], [-78.235381, 0.188428], [-78.235387, 0.188422], [-78.235394, 0.188416], [-78.235403, 0.188416], [-78.235411, 0.188418], [-78.23542, 0.188418], [-78.235427, 0.188412], [-78.235433, 0.188405], [-78.235441, 0.188402], [-78.235449, 0.188398], [-78.235454, 0.18839], [-78.235459, 0.188382], [-78.235464, 0.188375], [-78.235476, 0.188362], [-78.235479, 0.188354], [-78.235481, 0.188345], [-78.235484, 0.188337], [-78.235489, 0.18833], [-78.235496, 0.188323], [-78.235503, 0.188318], [-78.235508, 0.18831], [-78.235514, 0.188304], [-78.235519, 0.188296], [-78.235523, 0.188288], [-78.235528, 0.188281], [-78.235533, 0.188273], [-78.235542, 0.188271], [-78.23555, 0.188269], [-78.235559, 0.188265], [-78.235563, 0.188258], [-78.235565, 0.18825], [-78.235568, 0.188242], [-78.235574, 0.188236], [-78.235581, 0.18823], [-78.235582, 0.188227], [-78.235584, 0.188223], [-78.23559, 0.188216], [-78.235597, 0.188211], [-78.235603, 0.188205], [-78.235609, 0.188198], [-78.235615, 0.188191], [-78.23562, 0.188184], [-78.235626, 0.188177], [-78.235631, 0.188169], [-78.235636, 0.188162], [-78.235641, 0.188154], [-78.235642, 0.188153], [-78.235644, 0.188147], [-78.235645, 0.188146], [-78.235658, 0.188159], [-78.235678, 0.188182], [-78.23569, 0.1882], [-78.235703, 0.18823], [-78.235706, 0.188244], [-78.235714, 0.188281], [-78.235721, 0.188358], [-78.235727, 0.188416], [-78.235736, 0.188503], [-78.235741, 0.188575], [-78.235745, 0.188624], [-78.235966, 0.188598], [-78.236231, 0.188506], [-78.236414, 0.188423], [-78.236794, 0.18808], [-78.236798, 0.188077], [-78.236812, 0.188039], [-78.236883, 0.187847], [-78.236906, 0.187852], [-78.237083, 0.187887], [-78.237453, 0.187962], [-78.237474, 0.187966], [-78.237489, 0.187969], [-78.238135, 0.188099], [-78.23816, 0.188105], [-78.238193, 0.188111], [-78.238322, 0.188137], [-78.238401, 0.188153], [-78.238768, 0.188227], [-78.23882, 0.188238], [-78.238913, 0.188256], [-78.238969, 0.188268], [-78.239026, 0.188279], [-78.239035, 0.188281], [-78.239196, 0.188313], [-78.239243, 0.188323], [-78.239525, 0.18838], [-78.239591, 0.188393], [-78.239637, 0.188402], [-78.239665, 0.188408], [-78.239647, 0.188473], [-78.239594, 0.188677], [-78.239571, 0.18877], [-78.239555, 0.18886], [-78.239544, 0.18893], [-78.239501, 0.189214], [-78.239498, 0.189261], [-78.239504, 0.189299], [-78.239518, 0.189334], [-78.239541, 0.189394], [-78.239555, 0.189461], [-78.239561, 0.18953], [-78.239566, 0.189605], [-78.239562, 0.189684], [-78.239548, 0.189767], [-78.239527, 0.189847], [-78.239501, 0.18991], [-78.239463, 0.189979], [-78.239431, 0.190031], [-78.239396, 0.190089], [-78.239372, 0.190124], [-78.239329, 0.190163], [-78.239309, 0.190177], [-78.239271, 0.190201], [-78.239239, 0.190235], [-78.239218, 0.190259], [-78.239184, 0.190319], [-78.239148, 0.190399], [-78.239101, 0.190473], [-78.239073, 0.190516], [-78.239004, 0.190619], [-78.238953, 0.190713], [-78.238904, 0.190815], [-78.238851, 0.190914], [-78.238804, 0.191005], [-78.238791, 0.191026], [-78.23877, 0.191063], [-78.238763, 0.191082], [-78.23874, 0.191152], [-78.238715, 0.19123], [-78.238673, 0.19134], [-78.238631, 0.191473], [-78.238594, 0.191573], [-78.238544, 0.19168], [-78.238522, 0.191732], [-78.2385, 0.191782], [-78.238461, 0.191879], [-78.238424, 0.191976], [-78.238412, 0.192011], [-78.23841, 0.19202], [-78.238409, 0.192023], [-78.238401, 0.192066], [-78.238398, 0.192081], [-78.238384, 0.192125], [-78.238375, 0.192153], [-78.238338, 0.192258], [-78.238322, 0.192314], [-78.23831, 0.192355], [-78.238293, 0.192426], [-78.23829, 0.192493], [-78.238293, 0.192566], [-78.238298, 0.192669], [-78.238322, 0.192944], [-78.23833, 0.193005], [-78.238347, 0.193146], [-78.238381, 0.19343], [-78.238393, 0.193458], [-78.238414, 0.193482], [-78.23842, 0.193488], [-78.238459, 0.193528], [-78.238489, 0.193573], [-78.238576, 0.193704], [-78.238637, 0.19384], [-78.238735, 0.194046], [-78.238792, 0.194184], [-78.238802, 0.194205], [-78.238814, 0.194218], [-78.238827, 0.194228], [-78.238851, 0.194238], [-78.238874, 0.194243], [-78.238905, 0.194244], [-78.238935, 0.194242], [-78.238991, 0.19424], [-78.239021, 0.194244], [-78.239048, 0.194254], [-78.239062, 0.194267], [-78.239082, 0.194295], [-78.239093, 0.194328], [-78.239103, 0.194365], [-78.239108, 0.194394], [-78.23911, 0.194428], [-78.239108, 0.194451], [-78.239102, 0.194471], [-78.239091, 0.194498], [-78.239088, 0.194507], [-78.239059, 0.194559], [-78.239022, 0.194602], [-78.239008, 0.194616], [-78.238916, 0.19471], [-78.238756, 0.19473], [-78.238617, 0.194728], [-78.238412, 0.194696], [-78.238235, 0.194665], [-78.23806, 0.194642], [-78.237801, 0.194605], [-78.237668, 0.194586], [-78.237523, 0.194568], [-78.237104, 0.194532], [-78.236989, 0.194524], [-78.236899, 0.194517], [-78.236746, 0.194491], [-78.236595, 0.19443], [-78.236453, 0.194341]]]], "type": "MultiPolygon"}}, {"type": "Feature", "properties": {"sc": "24", "num_muestra": 24, "codigo_muestra": "24", "tipologia": "B", "etiqueta": "24|B", "etiquetaSC": "24|B", "parroquia": "SAN RAFAEL", "circunscripcion": "CIRCUNSCRIPCION RURAL", "canton": "OTAVALO", "sec_anm": "100458001006", "pob_t": 338.0, "v_pres": 108.0, "dens_pob": 1764.09, "bbox": [[-78.222399, 0.186535], [-78.2161, 0.192644]], "centroid": [-78.218267, 0.189607]}, "geometry": {"coordinates": [[[[-78.221287, 0.19259], [-78.221201, 0.192571], [-78.221167, 0.192572], [-78.221151, 0.192574], [-78.221148, 0.192574], [-78.221122, 0.192567], [-78.221101, 0.192543], [-78.221072, 0.192521], [-78.221034, 0.192496], [-78.221001, 0.192478], [-78.220956, 0.19245], [-78.220918, 0.192423], [-78.220872, 0.192389], [-78.220843, 0.192367], [-78.220803, 0.192334], [-78.220769, 0.192302], [-78.220748, 0.192282], [-78.220741, 0.192277], [-78.220738, 0.192273], [-78.220737, 0.192273], [-78.220727, 0.192264], [-78.220724, 0.192261], [-78.220717, 0.192255], [-78.220714, 0.192252], [-78.220709, 0.192247], [-78.220694, 0.192233], [-78.220687, 0.192226], [-78.220682, 0.192222], [-78.220642, 0.192183], [-78.220591, 0.192139], [-78.22055, 0.192102], [-78.220515, 0.192078], [-78.220495, 0.192067], [-78.220476, 0.1921], [-78.220451, 0.192147], [-78.220414, 0.192211], [-78.220411, 0.192216], [-78.220377, 0.19227], [-78.220334, 0.192332], [-78.220297, 0.192391], [-78.220256, 0.19244], [-78.220226, 0.192471], [-78.220213, 0.192479], [-78.220198, 0.192483], [-78.220191, 0.192485], [-78.220167, 0.192487], [-78.220136, 0.192479], [-78.220091, 0.192469], [-78.220054, 0.19246], [-78.220021, 0.192454], [-78.219981, 0.192452], [-78.219915, 0.192459], [-78.219866, 0.192479], [-78.219781, 0.192516], [-78.219709, 0.192554], [-78.219658, 0.192578], [-78.219623, 0.192588], [-78.219574, 0.192586], [-78.219531, 0.192563], [-78.219489, 0.192534], [-78.21946, 0.19252], [-78.21944, 0.192511], [-78.219376, 0.192492], [-78.2193, 0.192482], [-78.219238, 0.19247], [-78.219186, 0.192457], [-78.219133, 0.192439], [-78.219088, 0.192408], [-78.219036, 0.19237], [-78.218982, 0.192323], [-78.218957, 0.192302], [-78.218947, 0.192293], [-78.218922, 0.192271], [-78.218847, 0.192162], [-78.2188, 0.192087], [-78.218747, 0.192004], [-78.218694, 0.191911], [-78.218644, 0.19182], [-78.218604, 0.191773], [-78.218594, 0.191761], [-78.218566, 0.191733], [-78.218518, 0.191688], [-78.218458, 0.191629], [-78.218398, 0.191565], [-78.218355, 0.191528], [-78.218314, 0.191492], [-78.218253, 0.191435], [-78.218183, 0.191366], [-78.218113, 0.191287], [-78.218044, 0.191218], [-78.217966, 0.191134], [-78.217931, 0.191097], [-78.217908, 0.191072], [-78.217836, 0.191004], [-78.217804, 0.190976], [-78.217787, 0.190957], [-78.217771, 0.19094], [-78.21774, 0.190907], [-78.217677, 0.190845], [-78.217668, 0.190836], [-78.217604, 0.190765], [-78.217579, 0.190737], [-78.217551, 0.190705], [-78.217476, 0.19062], [-78.217408, 0.190538], [-78.217368, 0.190486], [-78.217316, 0.190409], [-78.21729, 0.190376], [-78.21727, 0.19035], [-78.217205, 0.190262], [-78.217153, 0.190188], [-78.217136, 0.190164], [-78.217134, 0.190163], [-78.217125, 0.19015], [-78.217108, 0.190127], [-78.217078, 0.190102], [-78.217041, 0.190057], [-78.217012, 0.19002], [-78.216971, 0.189968], [-78.216933, 0.189918], [-78.216907, 0.189883], [-78.216817, 0.18975], [-78.216767, 0.189676], [-78.216763, 0.18967], [-78.216758, 0.189663], [-78.2167, 0.189579], [-78.216647, 0.189496], [-78.216582, 0.189398], [-78.21653, 0.189325], [-78.21646, 0.189217], [-78.216387, 0.189112], [-78.216345, 0.189043], [-78.216344, 0.18904], [-78.216343, 0.189038], [-78.216342, 0.189037], [-78.216337, 0.189029], [-78.21633, 0.189018], [-78.216289, 0.188967], [-78.216272, 0.188946], [-78.21622, 0.188869], [-78.216211, 0.188856], [-78.216179, 0.188809], [-78.216169, 0.188794], [-78.216169, 0.188794], [-78.21613, 0.188739], [-78.216125, 0.188732], [-78.216118, 0.188723], [-78.2161, 0.188699], [-78.216149, 0.188645], [-78.216283, 0.188502], [-78.216308, 0.188466], [-78.216331, 0.188446], [-78.216775, 0.188054], [-78.216819, 0.188018], [-78.21685, 0.188029], [-78.216872, 0.188042], [-78.216894, 0.188069], [-78.216911, 0.188094], [-78.216926, 0.188117], [-78.216946, 0.188158], [-78.216947, 0.188161], [-78.216957, 0.188185], [-78.216991, 0.188265], [-78.217001, 0.188288], [-78.217032, 0.18827], [-78.217043, 0.188263], [-78.217056, 0.188256], [-78.217093, 0.188235], [-78.217173, 0.188192], [-78.21717, 0.18817], [-78.21716, 0.188097], [-78.217215, 0.188077], [-78.217277, 0.188034], [-78.217469, 0.187869], [-78.217689, 0.187665], [-78.21771, 0.187646], [-78.217701, 0.187628], [-78.217653, 0.18753], [-78.217583, 0.187388], [-78.217524, 0.187269], [-78.217514, 0.18725], [-78.217466, 0.18716], [-78.217257, 0.186765], [-78.217243, 0.186739], [-78.217252, 0.186732], [-78.217266, 0.186719], [-78.217357, 0.186636], [-78.217376, 0.186618], [-78.217438, 0.186562], [-78.217442, 0.186559], [-78.217468, 0.186535], [-78.217477, 0.186542], [-78.217488, 0.186551], [-78.217509, 0.186567], [-78.217616, 0.186656], [-78.217726, 0.186748], [-78.218043, 0.187011], [-78.218215, 0.187155], [-78.218218, 0.187157], [-78.218383, 0.18728], [-78.218574, 0.187434], [-78.218868, 0.187672], [-78.218898, 0.187696], [-78.218923, 0.187715], [-78.219153, 0.187901], [-78.219256, 0.187985], [-78.219439, 0.188134], [-78.219495, 0.188179], [-78.219631, 0.18829], [-78.219899, 0.188508], [-78.219873, 0.188617], [-78.219853, 0.188698], [-78.219835, 0.188772], [-78.219826, 0.188921], [-78.219828, 0.189024], [-78.219829, 0.189033], [-78.219823, 0.189158], [-78.219821, 0.18919], [-78.219816, 0.189294], [-78.219811, 0.189375], [-78.219811, 0.189434], [-78.219815, 0.189527], [-78.219815, 0.189533], [-78.219816, 0.189634], [-78.219819, 0.189709], [-78.219818, 0.189769], [-78.219818, 0.189819], [-78.219822, 0.189871], [-78.219822, 0.189949], [-78.219825, 0.190001], [-78.219829, 0.190022], [-78.219832, 0.190039], [-78.219844, 0.190083], [-78.219859, 0.190124], [-78.219871, 0.190148], [-78.219874, 0.190155], [-78.219904, 0.19022], [-78.219929, 0.190318], [-78.219939, 0.190372], [-78.219941, 0.19038], [-78.219942, 0.190387], [-78.219945, 0.190405], [-78.219947, 0.190441], [-78.219944, 0.190465], [-78.219938, 0.190481], [-78.219923, 0.190512], [-78.219896, 0.190541], [-78.219871, 0.190566], [-78.219834, 0.190603], [-78.21981, 0.190624], [-78.219796, 0.190636], [-78.219794, 0.190638], [-78.219764, 0.190664], [-78.21979, 0.190701], [-78.219806, 0.190724], [-78.219854, 0.190808], [-78.219914, 0.19093], [-78.219972, 0.191044], [-78.219995, 0.191093], [-78.220009, 0.191122], [-78.220102, 0.191308], [-78.220147, 0.191379], [-78.220206, 0.191442], [-78.220261, 0.191488], [-78.220297, 0.191519], [-78.220329, 0.191547], [-78.220388, 0.191582], [-78.220414, 0.191598], [-78.220418, 0.191599], [-78.22048, 0.19162], [-78.220548, 0.191633], [-78.220588, 0.191638], [-78.220593, 0.191639], [-78.220639, 0.191645], [-78.220667, 0.191649], [-78.220671, 0.19165], [-78.220681, 0.191653], [-78.220683, 0.191648], [-78.220696, 0.191602], [-78.220706, 0.191551], [-78.220712, 0.191512], [-78.220722, 0.191421], [-78.22073, 0.191333], [-78.22073, 0.191247], [-78.220734, 0.191145], [-78.220731, 0.191042], [-78.220727, 0.190967], [-78.220731, 0.19088], [-78.22074, 0.190773], [-78.220747, 0.190747], [-78.220763, 0.190679], [-78.220785, 0.190611], [-78.220823, 0.19054], [-78.22087, 0.190483], [-78.220926, 0.190445], [-78.220962, 0.190435], [-78.220986, 0.190431], [-78.220998, 0.19043], [-78.221034, 0.190428], [-78.221093, 0.190418], [-78.221129, 0.190412], [-78.221202, 0.1904], [-78.221266, 0.190386], [-78.221452, 0.190396], [-78.221512, 0.190406], [-78.221552, 0.190413], [-78.221615, 0.190422], [-78.221644, 0.190428], [-78.22167, 0.190432], [-78.221705, 0.190445], [-78.221739, 0.190472], [-78.22179, 0.190527], [-78.221907, 0.190647], [-78.221969, 0.190711], [-78.222075, 0.190824], [-78.222197, 0.190956], [-78.222365, 0.191142], [-78.222376, 0.191157], [-78.222396, 0.191186], [-78.222399, 0.19119], [-78.22237, 0.191217], [-78.222368, 0.191218], [-78.222299, 0.191279], [-78.222166, 0.191398], [-78.222143, 0.191422], [-78.222108, 0.191458], [-78.222077, 0.19149], [-78.222056, 0.191512], [-78.222004, 0.191573], [-78.221959, 0.19164], [-78.221877, 0.191785], [-78.221852, 0.19183], [-78.221842, 0.191848], [-78.22178, 0.191966], [-78.221729, 0.192064], [-78.221536, 0.192435], [-78.221525, 0.192457], [-78.221432, 0.192635], [-78.221428, 0.192644], [-78.221365, 0.19262], [-78.221287, 0.19259]]]], "type": "MultiPolygon"}}, {"type": "Feature", "properties": {"sc": "25", "num_muestra": 25, "codigo_muestra": "25", "tipologia": "B", "etiqueta": "25|B", "etiquetaSC": "25|B", "parroquia": "JORDAN", "circunscripcion": "CIRCUNSCRIPCION URBANA", "canton": "OTAVALO", "sec_anm": "100450002008", "pob_t": 392.0, "v_pres": 123.0, "dens_pob": 2848.84, "bbox": [[-78.259146, 0.244455], [-78.253106, 0.247673]], "centroid": [-78.256278, 0.24604]}, "geometry": {"coordinates": [[[[-78.253608, 0.24621], [-78.253657, 0.246105], [-78.253719, 0.245975], [-78.254037, 0.245371], [-78.254156, 0.245148], [-78.254275, 0.244927], [-78.254283, 0.244913], [-78.254516, 0.244455], [-78.25537, 0.244907], [-78.25537, 0.244907], [-78.255377, 0.24491], [-78.255527, 0.244991], [-78.256185, 0.245361], [-78.256186, 0.245361], [-78.256227, 0.24536], [-78.256293, 0.245353], [-78.256657, 0.245257], [-78.256774, 0.245226], [-78.256802, 0.245219], [-78.257166, 0.245125], [-78.257184, 0.24512], [-78.257248, 0.245104], [-78.257255, 0.245102], [-78.258106, 0.244887], [-78.258141, 0.244878], [-78.259127, 0.2447], [-78.259146, 0.244696], [-78.258996, 0.245413], [-78.258942, 0.245725], [-78.258807, 0.246306], [-78.258763, 0.246448], [-78.258691, 0.246628], [-78.258296, 0.246458], [-78.258237, 0.246436], [-78.258134, 0.246427], [-78.258037, 0.246443], [-78.257998, 0.246451], [-78.257905, 0.246472], [-78.257897, 0.246474], [-78.257889, 0.246477], [-78.257888, 0.246478], [-78.257874, 0.246482], [-78.257804, 0.246507], [-78.257662, 0.246547], [-78.257469, 0.246641], [-78.257378, 0.246715], [-78.257307, 0.24675], [-78.257189, 0.246781], [-78.256953, 0.246836], [-78.25664, 0.246931], [-78.256531, 0.246966], [-78.256453, 0.246999], [-78.256347, 0.247054], [-78.256257, 0.24711], [-78.256192, 0.247182], [-78.256137, 0.247246], [-78.256081, 0.247284], [-78.256022, 0.247294], [-78.255893, 0.24729], [-78.255739, 0.247311], [-78.255559, 0.247342], [-78.255429, 0.247358], [-78.255343, 0.247388], [-78.255241, 0.247469], [-78.255232, 0.247479], [-78.255199, 0.247515], [-78.255121, 0.247598], [-78.255065, 0.247625], [-78.254959, 0.247654], [-78.254919, 0.247664], [-78.254814, 0.247673], [-78.254691, 0.247672], [-78.254604, 0.247664], [-78.254581, 0.247662], [-78.254553, 0.247657], [-78.25455, 0.247656], [-78.254542, 0.247655], [-78.254531, 0.247652], [-78.254135, 0.247555], [-78.254074, 0.24754], [-78.253703, 0.247443], [-78.253687, 0.247439], [-78.253106, 0.247307], [-78.253249, 0.246997], [-78.25328, 0.24693], [-78.25331, 0.246866], [-78.253476, 0.246501], [-78.253569, 0.246296], [-78.253592, 0.246245], [-78.253608, 0.24621]]]], "type": "MultiPolygon"}}, {"type": "Feature", "properties": {"sc": "26", "num_muestra": 26, "codigo_muestra": "26", "tipologia": "E", "etiqueta": "26|E", "etiquetaSC": "26|E", "parroquia": "JORDAN", "circunscripcion": "CIRCUNSCRIPCION URBANA", "canton": "OTAVALO", "sec_anm": "100450002010", "pob_t": 260.0, "v_pres": 77.0, "dens_pob": 3462.05, "bbox": [[-78.262433, 0.242861], [-78.257263, 0.244793]], "centroid": [-78.259844, 0.243839]}, "geometry": {"coordinates": [[[[-78.258232, 0.244223], [-78.257263, 0.24407], [-78.257381, 0.243508], [-78.257522, 0.242861], [-78.257642, 0.242881], [-78.25765, 0.242882], [-78.257917, 0.242926], [-78.258499, 0.243021], [-78.25888, 0.243078], [-78.259488, 0.243169], [-78.25958, 0.243181], [-78.259704, 0.243197], [-78.259863, 0.243218], [-78.260464, 0.243295], [-78.260994, 0.243385], [-78.261418, 0.243456], [-78.261429, 0.243458], [-78.261839, 0.243527], [-78.261982, 0.243551], [-78.262344, 0.243596], [-78.262411, 0.243605], [-78.262433, 0.243608], [-78.262274, 0.244258], [-78.262269, 0.244275], [-78.262266, 0.244289], [-78.262196, 0.244595], [-78.262182, 0.244658], [-78.262173, 0.244694], [-78.26215, 0.244793], [-78.262081, 0.244783], [-78.261176, 0.244658], [-78.260193, 0.24451], [-78.260149, 0.244512], [-78.260135, 0.24451], [-78.259986, 0.244497], [-78.259275, 0.24439], [-78.259221, 0.244361], [-78.25824, 0.244225], [-78.258232, 0.244223]]]], "type": "MultiPolygon"}}, {"type": "Feature", "properties": {"sc": "27", "num_muestra": 27, "codigo_muestra": "27", "tipologia": "F", "etiqueta": "27|F", "etiquetaSC": "27|F", "parroquia": "JORDAN", "circunscripcion": "CIRCUNSCRIPCION URBANA", "canton": "OTAVALO", "sec_anm": "100450003005", "pob_t": 220.0, "v_pres": 67.0, "dens_pob": 4206.5, "bbox": [[-78.256466, 0.239875], [-78.253572, 0.243118]], "centroid": [-78.254766, 0.241487]}, "geometry": {"coordinates": [[[[-78.255483, 0.242659], [-78.255237, 0.243117], [-78.255237, 0.243118], [-78.254393, 0.242659], [-78.254093, 0.242452], [-78.253699, 0.242181], [-78.253631, 0.242134], [-78.25362, 0.242129], [-78.253572, 0.242109], [-78.254766, 0.239875], [-78.255122, 0.240065], [-78.255589, 0.240324], [-78.255162, 0.241116], [-78.255515, 0.241397], [-78.255741, 0.241577], [-78.256068, 0.241837], [-78.256087, 0.241852], [-78.256449, 0.242147], [-78.256466, 0.242157], [-78.256461, 0.242166], [-78.256449, 0.242191], [-78.256431, 0.242227], [-78.256405, 0.242282], [-78.256346, 0.2424], [-78.255817, 0.24204], [-78.255712, 0.242216], [-78.255483, 0.242659]]]], "type": "MultiPolygon"}}, {"type": "Feature", "properties": {"sc": "28", "num_muestra": 28, "codigo_muestra": "28", "tipologia": "H", "etiqueta": "28|H", "etiquetaSC": "28|H", "parroquia": "JORDAN", "circunscripcion": "CIRCUNSCRIPCION URBANA", "canton": "OTAVALO", "sec_anm": "100450004004", "pob_t": 552.0, "v_pres": 159.0, "dens_pob": 9963.9, "bbox": [[-78.261821, 0.238537], [-78.259531, 0.242146]], "centroid": [-78.260931, 0.240506]}, "geometry": {"coordinates": [[[[-78.259531, 0.241895], [-78.259716, 0.241547], [-78.259957, 0.241095], [-78.260001, 0.241006], [-78.260012, 0.240985], [-78.260469, 0.240113], [-78.260483, 0.24009], [-78.260644, 0.239818], [-78.260694, 0.239726], [-78.260291, 0.239507], [-78.260754, 0.23864], [-78.260817, 0.238537], [-78.261216, 0.238789], [-78.261569, 0.239049], [-78.261789, 0.239209], [-78.261803, 0.239251], [-78.261821, 0.239302], [-78.26181, 0.23949], [-78.261773, 0.239663], [-78.261771, 0.239673], [-78.261769, 0.239686], [-78.261737, 0.239837], [-78.261733, 0.239856], [-78.261647, 0.240274], [-78.261644, 0.240288], [-78.261553, 0.240725], [-78.261548, 0.240748], [-78.261451, 0.241218], [-78.261449, 0.241226], [-78.261351, 0.241686], [-78.261253, 0.242146], [-78.260761, 0.242074], [-78.26015, 0.241985], [-78.259531, 0.241895]]]], "type": "MultiPolygon"}}, {"type": "Feature", "properties": {"sc": "29", "num_muestra": 29, "codigo_muestra": "29", "tipologia": "G", "etiqueta": "29|G", "etiquetaSC": "29|G", "parroquia": "JORDAN", "circunscripcion": "CIRCUNSCRIPCION URBANA", "canton": "OTAVALO", "sec_anm": "100450003003", "pob_t": 393.0, "v_pres": 120.0, "dens_pob": 6432.08, "bbox": [[-78.253364, 0.238059], [-78.24961, 0.240475]], "centroid": [-78.251479, 0.239174]}, "geometry": {"coordinates": [[[[-78.249917, 0.23941], [-78.249916, 0.239409], [-78.249824, 0.239313], [-78.249823, 0.239311], [-78.249807, 0.239289], [-78.249806, 0.239287], [-78.250034, 0.239046], [-78.250112, 0.238964], [-78.250115, 0.238961], [-78.250131, 0.238944], [-78.250271, 0.238796], [-78.250273, 0.238792], [-78.250641, 0.238059], [-78.251147, 0.238331], [-78.251596, 0.238577], [-78.252477, 0.23906], [-78.252685, 0.238662], [-78.252875, 0.238312], [-78.253364, 0.238576], [-78.252867, 0.239503], [-78.252533, 0.240127], [-78.252507, 0.240114], [-78.252478, 0.240107], [-78.252449, 0.240104], [-78.25242, 0.240107], [-78.252391, 0.240114], [-78.252365, 0.240127], [-78.252341, 0.240144], [-78.25232, 0.240165], [-78.252303, 0.240189], [-78.252298, 0.2402], [-78.251959, 0.240012], [-78.251707, 0.240472], [-78.250836, 0.240006], [-78.250733, 0.240189], [-78.250621, 0.240388], [-78.250572, 0.240475], [-78.250312, 0.240333], [-78.250202, 0.240273], [-78.250108, 0.240221], [-78.250099, 0.240217], [-78.250055, 0.240197], [-78.250035, 0.240187], [-78.249779, 0.240065], [-78.24961, 0.24], [-78.249694, 0.239946], [-78.249747, 0.239912], [-78.249761, 0.239903], [-78.249764, 0.239901], [-78.249785, 0.239887], [-78.249832, 0.239856], [-78.250112, 0.239651], [-78.249917, 0.23941]]]], "type": "MultiPolygon"}}, {"type": "Feature", "properties": {"sc": "30", "num_muestra": 30, "codigo_muestra": "30", "tipologia": "A", "etiqueta": "30|A", "etiquetaSC": "30|A", "parroquia": "JORDAN", "circunscripcion": "CIRCUNSCRIPCION URBANA", "canton": "OTAVALO", "sec_anm": "100450928005", "pob_t": 341.0, "v_pres": 87.0, "dens_pob": 1040.59, "bbox": [[-78.232391, 0.235282], [-78.222104, 0.24249]], "centroid": [-78.228115, 0.238895]}, "geometry": {"coordinates": [[[[-78.222108, 0.239502], [-78.222117, 0.239505], [-78.222146, 0.239516], [-78.222209, 0.239526], [-78.22226, 0.239533], [-78.222341, 0.239528], [-78.222428, 0.239511], [-78.222449, 0.239505], [-78.222504, 0.23949], [-78.222584, 0.239463], [-78.222663, 0.239448], [-78.222743, 0.239438], [-78.222798, 0.239431], [-78.22286, 0.239428], [-78.22289, 0.239424], [-78.222928, 0.239418], [-78.22298, 0.239411], [-78.223002, 0.239412], [-78.223036, 0.239406], [-78.223056, 0.239401], [-78.223082, 0.239405], [-78.223105, 0.239404], [-78.223134, 0.239402], [-78.223149, 0.239402], [-78.223174, 0.239399], [-78.223189, 0.239399], [-78.223217, 0.239402], [-78.223233, 0.239402], [-78.223242, 0.239402], [-78.223254, 0.239402], [-78.223278, 0.2394], [-78.223304, 0.239396], [-78.223321, 0.239395], [-78.223346, 0.239401], [-78.223374, 0.239407], [-78.223395, 0.239407], [-78.223436, 0.239406], [-78.223474, 0.239398], [-78.223523, 0.239397], [-78.223562, 0.239401], [-78.2236, 0.23941], [-78.223649, 0.239428], [-78.223708, 0.239433], [-78.22375, 0.23943], [-78.223794, 0.239429], [-78.223798, 0.239429], [-78.22386, 0.239429], [-78.223927, 0.239427], [-78.223967, 0.23942], [-78.223989, 0.239416], [-78.22401, 0.239404], [-78.224023, 0.239379], [-78.224044, 0.239391], [-78.224072, 0.239393], [-78.224105, 0.23939], [-78.224158, 0.239377], [-78.224256, 0.239349], [-78.224424, 0.239294], [-78.224554, 0.239254], [-78.224657, 0.239215], [-78.224682, 0.239205], [-78.224762, 0.239172], [-78.224811, 0.239149], [-78.224934, 0.239105], [-78.225016, 0.239074], [-78.225035, 0.239063], [-78.225059, 0.239051], [-78.225115, 0.239028], [-78.225162, 0.238999], [-78.225211, 0.238969], [-78.225274, 0.238934], [-78.225325, 0.238916], [-78.225384, 0.238873], [-78.225436, 0.238828], [-78.225481, 0.238787], [-78.225527, 0.238742], [-78.225562, 0.238709], [-78.225598, 0.238682], [-78.225639, 0.238651], [-78.225688, 0.238618], [-78.225759, 0.238582], [-78.225818, 0.238554], [-78.225868, 0.238533], [-78.225939, 0.23851], [-78.22604, 0.238477], [-78.226119, 0.238448], [-78.226197, 0.238423], [-78.226247, 0.238402], [-78.226277, 0.238388], [-78.226301, 0.238371], [-78.226325, 0.238348], [-78.226345, 0.238321], [-78.226361, 0.238292], [-78.226369, 0.238261], [-78.226372, 0.238233], [-78.226367, 0.238192], [-78.22636, 0.238129], [-78.226361, 0.238055], [-78.226367, 0.237996], [-78.22638, 0.237953], [-78.226406, 0.237907], [-78.22644, 0.237869], [-78.226478, 0.237837], [-78.226527, 0.237804], [-78.226598, 0.237762], [-78.226688, 0.237713], [-78.226736, 0.237694], [-78.226761, 0.237684], [-78.226839, 0.237651], [-78.226892, 0.237622], [-78.226957, 0.23758], [-78.227037, 0.237513], [-78.227116, 0.237446], [-78.227169, 0.237397], [-78.227218, 0.237347], [-78.227245, 0.237313], [-78.227277, 0.237269], [-78.227301, 0.23722], [-78.227333, 0.237158], [-78.227361, 0.23711], [-78.227392, 0.237058], [-78.227427, 0.237005], [-78.227467, 0.236954], [-78.227497, 0.236921], [-78.227521, 0.236894], [-78.227531, 0.236894], [-78.227531, 0.236894], [-78.22757, 0.236893], [-78.227584, 0.236891], [-78.227586, 0.236891], [-78.227589, 0.23689], [-78.227612, 0.236887], [-78.227618, 0.236886], [-78.22762, 0.236886], [-78.227626, 0.236885], [-78.227702, 0.236873], [-78.227791, 0.236859], [-78.227928, 0.23684], [-78.227949, 0.236837], [-78.228019, 0.236826], [-78.228023, 0.236826], [-78.228024, 0.236826], [-78.228032, 0.236824], [-78.228089, 0.23681], [-78.228138, 0.23679], [-78.228178, 0.236769], [-78.228222, 0.236748], [-78.228271, 0.236735], [-78.228275, 0.236734], [-78.22831, 0.236726], [-78.22831, 0.236726], [-78.228311, 0.236726], [-78.228313, 0.236725], [-78.228324, 0.236723], [-78.228355, 0.236711], [-78.228365, 0.236705], [-78.228367, 0.236703], [-78.228383, 0.236694], [-78.228396, 0.236685], [-78.22841, 0.236677], [-78.228455, 0.236644], [-78.228503, 0.236608], [-78.228526, 0.236599], [-78.22855, 0.236589], [-78.228562, 0.236584], [-78.228619, 0.236579], [-78.228673, 0.236583], [-78.228675, 0.236584], [-78.228678, 0.236585], [-78.228678, 0.236585], [-78.228694, 0.236591], [-78.228729, 0.236624], [-78.228737, 0.236629], [-78.228742, 0.236485], [-78.228748, 0.236484], [-78.228757, 0.236482], [-78.228766, 0.236481], [-78.228766, 0.236481], [-78.228775, 0.23648], [-78.228783, 0.236479], [-78.228792, 0.236476], [-78.2288, 0.236472], [-78.228808, 0.236468], [-78.228816, 0.236465], [-78.228825, 0.236463], [-78.228834, 0.236462], [-78.228843, 0.236462], [-78.228852, 0.236461], [-78.228861, 0.236461], [-78.22887, 0.236461], [-78.228879, 0.236462], [-78.228888, 0.236462], [-78.228897, 0.236462], [-78.228905, 0.236462], [-78.228914, 0.236462], [-78.228923, 0.236462], [-78.228932, 0.236464], [-78.228941, 0.236467], [-78.228949, 0.23647], [-78.228958, 0.23647], [-78.228967, 0.236468], [-78.228975, 0.236464], [-78.228983, 0.236461], [-78.228991, 0.236456], [-78.228999, 0.236452], [-78.229007, 0.236448], [-78.229015, 0.236445], [-78.229023, 0.236442], [-78.229032, 0.236441], [-78.229041, 0.23644], [-78.22905, 0.236439], [-78.229059, 0.23644], [-78.229068, 0.236442], [-78.229076, 0.236443], [-78.229085, 0.236444], [-78.229094, 0.236445], [-78.229103, 0.236446], [-78.229112, 0.236446], [-78.229121, 0.236443], [-78.229129, 0.236441], [-78.229138, 0.236438], [-78.229146, 0.236436], [-78.229155, 0.236435], [-78.229164, 0.236434], [-78.229173, 0.236435], [-78.229182, 0.236436], [-78.229191, 0.236436], [-78.2292, 0.236436], [-78.229209, 0.236436], [-78.229218, 0.236433], [-78.229226, 0.23643], [-78.229234, 0.236426], [-78.229242, 0.236422], [-78.22925, 0.236418], [-78.229259, 0.236418], [-78.229268, 0.236416], [-78.229277, 0.236416], [-78.229286, 0.236416], [-78.229295, 0.236416], [-78.229304, 0.236415], [-78.229312, 0.236413], [-78.229321, 0.236409], [-78.229328, 0.236404], [-78.229336, 0.236401], [-78.229345, 0.236397], [-78.229353, 0.236393], [-78.229361, 0.23639], [-78.22937, 0.236388], [-78.229378, 0.236383], [-78.229385, 0.236378], [-78.229391, 0.236371], [-78.229396, 0.236363], [-78.229399, 0.236355], [-78.229402, 0.236347], [-78.229404, 0.236338], [-78.229408, 0.236329], [-78.22941, 0.236321], [-78.229411, 0.236312], [-78.229412, 0.236301], [-78.229419, 0.236295], [-78.229425, 0.236288], [-78.22943, 0.236281], [-78.229435, 0.236274], [-78.22944, 0.236266], [-78.229445, 0.236258], [-78.229449, 0.23625], [-78.229453, 0.236242], [-78.229456, 0.236234], [-78.229458, 0.236225], [-78.229461, 0.236216], [-78.229463, 0.236208], [-78.229464, 0.236199], [-78.229466, 0.23619], [-78.229467, 0.236181], [-78.229469, 0.236172], [-78.229471, 0.236163], [-78.229473, 0.236155], [-78.229478, 0.236147], [-78.229481, 0.236138], [-78.229484, 0.23613], [-78.229485, 0.236121], [-78.22949, 0.236113], [-78.229496, 0.236107], [-78.229504, 0.236102], [-78.22951, 0.236096], [-78.229517, 0.23609], [-78.229525, 0.236085], [-78.229531, 0.236079], [-78.229538, 0.236073], [-78.229545, 0.236068], [-78.229553, 0.236064], [-78.229562, 0.236061], [-78.229571, 0.23606], [-78.229574, 0.236059], [-78.229579, 0.236059], [-78.229588, 0.236059], [-78.229597, 0.23606], [-78.229606, 0.23606], [-78.229615, 0.236061], [-78.229624, 0.236063], [-78.229633, 0.236065], [-78.229641, 0.236067], [-78.229649, 0.236071], [-78.229657, 0.236075], [-78.229666, 0.236077], [-78.229675, 0.236079], [-78.229683, 0.236081], [-78.229692, 0.236082], [-78.229701, 0.236083], [-78.22971, 0.236083], [-78.229719, 0.236083], [-78.229728, 0.236083], [-78.229737, 0.236081], [-78.229745, 0.236079], [-78.229754, 0.236077], [-78.229763, 0.236074], [-78.229771, 0.23607], [-78.229777, 0.236064], [-78.229784, 0.236058], [-78.229788, 0.23605], [-78.229794, 0.236043], [-78.229801, 0.236037], [-78.229807, 0.236031], [-78.229813, 0.236024], [-78.229819, 0.236017], [-78.229824, 0.23601], [-78.229828, 0.236002], [-78.229833, 0.235994], [-78.229837, 0.235986], [-78.229843, 0.23598], [-78.229847, 0.235972], [-78.229851, 0.235964], [-78.229854, 0.235955], [-78.229857, 0.235946], [-78.229859, 0.235938], [-78.229861, 0.235929], [-78.229865, 0.235921], [-78.229868, 0.235912], [-78.229871, 0.235904], [-78.229873, 0.235895], [-78.229876, 0.235887], [-78.22988, 0.235879], [-78.229885, 0.235871], [-78.22989, 0.235864], [-78.229896, 0.235856], [-78.229901, 0.23585], [-78.229908, 0.235843], [-78.229913, 0.235836], [-78.229919, 0.23583], [-78.229925, 0.235823], [-78.229931, 0.235816], [-78.229937, 0.235809], [-78.229942, 0.235802], [-78.229949, 0.235796], [-78.229956, 0.23579], [-78.229963, 0.235785], [-78.229971, 0.23578], [-78.229979, 0.235776], [-78.229987, 0.235773], [-78.229995, 0.235769], [-78.230009, 0.235767], [-78.230024, 0.235762], [-78.230032, 0.235758], [-78.23004, 0.235757], [-78.230049, 0.235756], [-78.230058, 0.235754], [-78.230067, 0.235753], [-78.230076, 0.235751], [-78.230084, 0.235749], [-78.230093, 0.235745], [-78.230101, 0.235743], [-78.23011, 0.23574], [-78.230119, 0.235738], [-78.230126, 0.235734], [-78.230135, 0.235731], [-78.230143, 0.235728], [-78.230152, 0.235726], [-78.230161, 0.235724], [-78.23017, 0.235723], [-78.230178, 0.235721], [-78.230186, 0.235716], [-78.230195, 0.235715], [-78.230203, 0.235712], [-78.230211, 0.235708], [-78.230219, 0.235704], [-78.230228, 0.235701], [-78.230236, 0.235698], [-78.230244, 0.235694], [-78.230252, 0.23569], [-78.230261, 0.235686], [-78.230269, 0.235683], [-78.230277, 0.23568], [-78.230285, 0.235676], [-78.230294, 0.235673], [-78.230302, 0.235669], [-78.23031, 0.235666], [-78.230319, 0.235663], [-78.230327, 0.235659], [-78.230336, 0.235658], [-78.230344, 0.235655], [-78.230352, 0.23565], [-78.230361, 0.23565], [-78.23037, 0.235648], [-78.230379, 0.235647], [-78.230387, 0.235647], [-78.230396, 0.235647], [-78.230405, 0.235647], [-78.230414, 0.235648], [-78.230423, 0.23565], [-78.230432, 0.23565], [-78.230441, 0.235648], [-78.23045, 0.235646], [-78.230458, 0.235643], [-78.230467, 0.23564], [-78.230476, 0.235639], [-78.230484, 0.235636], [-78.230493, 0.235633], [-78.230501, 0.235632], [-78.23051, 0.235631], [-78.230519, 0.235628], [-78.230528, 0.235626], [-78.230536, 0.235622], [-78.230543, 0.235617], [-78.230551, 0.235614], [-78.230559, 0.235609], [-78.230567, 0.235604], [-78.230574, 0.2356], [-78.230582, 0.235595], [-78.23059, 0.235591], [-78.230597, 0.235586], [-78.230605, 0.23558], [-78.230612, 0.235576], [-78.230621, 0.235572], [-78.230629, 0.235569], [-78.230637, 0.235565], [-78.230646, 0.235564], [-78.230655, 0.235561], [-78.230663, 0.23556], [-78.230672, 0.235559], [-78.230681, 0.235559], [-78.23069, 0.235558], [-78.230699, 0.235556], [-78.230708, 0.235556], [-78.230708, 0.235556], [-78.230717, 0.235554], [-78.230725, 0.235552], [-78.230734, 0.235551], [-78.230743, 0.23555], [-78.230752, 0.235549], [-78.230761, 0.235548], [-78.23077, 0.235548], [-78.230779, 0.235548], [-78.230788, 0.235548], [-78.230797, 0.235547], [-78.230806, 0.235546], [-78.230815, 0.235546], [-78.230824, 0.235546], [-78.230833, 0.235546], [-78.230841, 0.235546], [-78.23085, 0.235546], [-78.230859, 0.235546], [-78.230868, 0.235547], [-78.230877, 0.235546], [-78.230886, 0.235545], [-78.230895, 0.235545], [-78.230904, 0.235546], [-78.230913, 0.235546], [-78.230922, 0.235544], [-78.23093, 0.23554], [-78.230938, 0.235536], [-78.230944, 0.235529], [-78.230951, 0.235523], [-78.230959, 0.23552], [-78.230966, 0.235515], [-78.230973, 0.235509], [-78.230977, 0.235507], [-78.230995, 0.235494], [-78.231001, 0.235487], [-78.231009, 0.235483], [-78.231017, 0.23548], [-78.231026, 0.235479], [-78.231035, 0.235479], [-78.231044, 0.23548], [-78.231053, 0.23548], [-78.231062, 0.23548], [-78.231071, 0.23548], [-78.23108, 0.23548], [-78.231089, 0.23548], [-78.231098, 0.23548], [-78.231104, 0.235478], [-78.231106, 0.235477], [-78.231115, 0.235475], [-78.231123, 0.235472], [-78.23113, 0.235468], [-78.231136, 0.235464], [-78.231143, 0.235459], [-78.23115, 0.235453], [-78.231157, 0.235447], [-78.231163, 0.235441], [-78.23117, 0.235435], [-78.231176, 0.235428], [-78.231183, 0.235423], [-78.23119, 0.235418], [-78.231198, 0.235414], [-78.231206, 0.235409], [-78.231214, 0.235406], [-78.231223, 0.235403], [-78.23123, 0.235397], [-78.231238, 0.235393], [-78.231244, 0.235387], [-78.231248, 0.235381], [-78.231254, 0.235375], [-78.231258, 0.235367], [-78.231261, 0.235359], [-78.231265, 0.23535], [-78.231268, 0.235342], [-78.231272, 0.235334], [-78.231275, 0.235325], [-78.231283, 0.23532], [-78.231288, 0.235313], [-78.231297, 0.235309], [-78.231299, 0.235306], [-78.231302, 0.235302], [-78.231311, 0.235299], [-78.231312, 0.235298], [-78.231319, 0.235295], [-78.231328, 0.235294], [-78.231337, 0.235292], [-78.231342, 0.23529], [-78.231345, 0.235289], [-78.231353, 0.235286], [-78.231362, 0.235282], [-78.231374, 0.235317], [-78.231394, 0.23537], [-78.231435, 0.235417], [-78.231483, 0.235456], [-78.231534, 0.23549], [-78.231592, 0.235514], [-78.231653, 0.235557], [-78.231705, 0.235612], [-78.231765, 0.235688], [-78.231768, 0.235691], [-78.232005, 0.236035], [-78.232389, 0.23657], [-78.232389, 0.236571], [-78.232389, 0.236571], [-78.232389, 0.236576], [-78.232391, 0.23658], [-78.232103, 0.236849], [-78.231944, 0.236945], [-78.231853, 0.236993], [-78.231824, 0.237007], [-78.231793, 0.237028], [-78.231752, 0.237071], [-78.231733, 0.237096], [-78.23172, 0.237119], [-78.231709, 0.23716], [-78.231664, 0.237288], [-78.231639, 0.237327], [-78.231611, 0.237361], [-78.231573, 0.2374], [-78.231535, 0.237432], [-78.231473, 0.237478], [-78.231733, 0.238335], [-78.230845, 0.238748], [-78.230903, 0.239022], [-78.230176, 0.239269], [-78.230074, 0.239318], [-78.229957, 0.239375], [-78.229905, 0.239415], [-78.22986, 0.239471], [-78.229833, 0.239516], [-78.229801, 0.23952], [-78.229741, 0.23952], [-78.229684, 0.239517], [-78.229641, 0.239505], [-78.22961, 0.239493], [-78.229577, 0.239478], [-78.229535, 0.239454], [-78.229494, 0.239426], [-78.229324, 0.239288], [-78.229284, 0.239248], [-78.229252, 0.239207], [-78.229214, 0.239154], [-78.229186, 0.239099], [-78.229165, 0.23905], [-78.229017, 0.239174], [-78.22869, 0.23945], [-78.228587, 0.239506], [-78.228327, 0.239648], [-78.228177, 0.23973], [-78.227936, 0.239888], [-78.227737, 0.240033], [-78.227618, 0.240119], [-78.227463, 0.240204], [-78.227421, 0.24022], [-78.227381, 0.240239], [-78.227339, 0.240257], [-78.227298, 0.240274], [-78.227256, 0.240289], [-78.227213, 0.240303], [-78.22717, 0.240315], [-78.227126, 0.240326], [-78.227082, 0.240333], [-78.227037, 0.240335], [-78.226993, 0.240328], [-78.226949, 0.240321], [-78.226905, 0.240316], [-78.22686, 0.240312], [-78.226815, 0.240309], [-78.226771, 0.240306], [-78.226751, 0.240306], [-78.226726, 0.240305], [-78.226681, 0.240305], [-78.226636, 0.240307], [-78.226592, 0.240309], [-78.226547, 0.240314], [-78.226509, 0.240319], [-78.226464, 0.240326], [-78.226443, 0.240329], [-78.22642, 0.240334], [-78.226376, 0.240343], [-78.226333, 0.240353], [-78.226289, 0.240365], [-78.226247, 0.240378], [-78.226205, 0.240395], [-78.226164, 0.240414], [-78.226125, 0.240435], [-78.226111, 0.240443], [-78.226087, 0.240458], [-78.22605, 0.240484], [-78.226042, 0.24049], [-78.226014, 0.24051], [-78.225997, 0.240524], [-78.225979, 0.240539], [-78.225957, 0.24056], [-78.225947, 0.24057], [-78.225919, 0.240606], [-78.225891, 0.240641], [-78.225862, 0.240675], [-78.225833, 0.240709], [-78.225803, 0.240742], [-78.225772, 0.240774], [-78.22574, 0.240806], [-78.225726, 0.240821], [-78.225708, 0.240837], [-78.225673, 0.240865], [-78.225637, 0.240892], [-78.225601, 0.240919], [-78.225564, 0.240945], [-78.225527, 0.24097], [-78.225489, 0.240994], [-78.225451, 0.241018], [-78.225413, 0.241042], [-78.225374, 0.241064], [-78.225335, 0.241085], [-78.225297, 0.241109], [-78.22526, 0.241134], [-78.225224, 0.241161], [-78.225175, 0.241198], [-78.225143, 0.241222], [-78.225125, 0.241235], [-78.22509, 0.241261], [-78.225045, 0.241295], [-78.225007, 0.241318], [-78.224969, 0.241343], [-78.224932, 0.241368], [-78.224895, 0.241394], [-78.224859, 0.24142], [-78.224823, 0.241447], [-78.224787, 0.241474], [-78.22475, 0.2415], [-78.224714, 0.241526], [-78.224677, 0.241551], [-78.224648, 0.241569], [-78.224639, 0.241575], [-78.224601, 0.241598], [-78.22456, 0.241617], [-78.224536, 0.241621], [-78.224517, 0.241625], [-78.224472, 0.241629], [-78.224428, 0.241631], [-78.224383, 0.24163], [-78.224338, 0.241626], [-78.224294, 0.24163], [-78.22425, 0.241639], [-78.224207, 0.241651], [-78.224166, 0.241667], [-78.224126, 0.241687], [-78.224088, 0.241709], [-78.224051, 0.241734], [-78.224015, 0.241761], [-78.223982, 0.241789], [-78.223981, 0.24179], [-78.22395, 0.241822], [-78.223941, 0.241832], [-78.223918, 0.241853], [-78.223884, 0.241882], [-78.223846, 0.241906], [-78.223807, 0.241927], [-78.223766, 0.241946], [-78.223724, 0.241961], [-78.22368, 0.241971], [-78.223635, 0.241975], [-78.223591, 0.241982], [-78.223548, 0.241992], [-78.223505, 0.242005], [-78.223465, 0.242024], [-78.223435, 0.242058], [-78.223409, 0.242094], [-78.223383, 0.242132], [-78.223359, 0.24217], [-78.223336, 0.242209], [-78.223313, 0.242247], [-78.223289, 0.242285], [-78.223257, 0.242316], [-78.223222, 0.242344], [-78.223185, 0.242368], [-78.223175, 0.242373], [-78.223145, 0.242388], [-78.223104, 0.242405], [-78.223062, 0.242417], [-78.223019, 0.242429], [-78.222976, 0.24244], [-78.222932, 0.242451], [-78.222889, 0.242462], [-78.222846, 0.242474], [-78.222822, 0.242481], [-78.222803, 0.242487], [-78.222794, 0.24249], [-78.222792, 0.242481], [-78.222791, 0.24248], [-78.22279, 0.242474], [-78.222781, 0.242437], [-78.222771, 0.242393], [-78.22276, 0.242349], [-78.22275, 0.242305], [-78.222739, 0.242261], [-78.222729, 0.242218], [-78.222718, 0.242174], [-78.222708, 0.24213], [-78.222697, 0.242086], [-78.222688, 0.242051], [-78.222686, 0.242042], [-78.222675, 0.241998], [-78.222664, 0.241954], [-78.222653, 0.241911], [-78.222641, 0.241867], [-78.22263, 0.241823], [-78.222619, 0.241779], [-78.222608, 0.241736], [-78.222608, 0.241735], [-78.222586, 0.241648], [-78.222486, 0.241234], [-78.222462, 0.241122], [-78.222461, 0.241122], [-78.222461, 0.241122], [-78.222461, 0.241121], [-78.222461, 0.24112], [-78.222461, 0.24112], [-78.222459, 0.241115], [-78.222442, 0.241079], [-78.222425, 0.241038], [-78.222414, 0.24101], [-78.222409, 0.240996], [-78.222394, 0.240953], [-78.222379, 0.24091], [-78.222364, 0.240868], [-78.222349, 0.240825], [-78.222334, 0.240783], [-78.222318, 0.240741], [-78.222303, 0.240698], [-78.222293, 0.240672], [-78.222287, 0.240656], [-78.222271, 0.240614], [-78.222256, 0.240571], [-78.222243, 0.240528], [-78.222231, 0.240485], [-78.22222, 0.240441], [-78.222209, 0.240397], [-78.222198, 0.240353], [-78.222189, 0.240315], [-78.222188, 0.240309], [-78.222179, 0.240265], [-78.22217, 0.240221], [-78.222162, 0.240176], [-78.222156, 0.240132], [-78.222151, 0.240087], [-78.222146, 0.240042], [-78.222142, 0.239997], [-78.222138, 0.239952], [-78.222134, 0.239907], [-78.222132, 0.239882], [-78.222131, 0.239862], [-78.222128, 0.239817], [-78.222125, 0.239772], [-78.222122, 0.239727], [-78.222117, 0.239682], [-78.222112, 0.239637], [-78.222112, 0.239636], [-78.22211, 0.239613], [-78.222108, 0.239592], [-78.222107, 0.239572], [-78.222106, 0.239556], [-78.222106, 0.239547], [-78.222104, 0.239521], [-78.222104, 0.239507], [-78.222104, 0.239507], [-78.222105, 0.239504], [-78.222106, 0.239504], [-78.222106, 0.239503], [-78.222108, 0.239502]]]], "type": "MultiPolygon"}}, {"type": "Feature", "properties": {"sc": "31", "num_muestra": 31, "codigo_muestra": "31", "tipologia": "C", "etiqueta": "31|C", "etiquetaSC": "31|C", "parroquia": "JORDAN", "circunscripcion": "CIRCUNSCRIPCION URBANA", "canton": "OTAVALO", "sec_anm": "100450004011", "pob_t": 250.0, "v_pres": 80.0, "dens_pob": 4019.29, "bbox": [[-78.260143, 0.234795], [-78.25626, 0.238035]], "centroid": [-78.25785, 0.236414]}, "geometry": {"coordinates": [[[[-78.256306, 0.236505], [-78.256317, 0.236493], [-78.256342, 0.236472], [-78.25637, 0.236457], [-78.256396, 0.236447], [-78.256426, 0.23644], [-78.256449, 0.236437], [-78.256474, 0.236435], [-78.256498, 0.236435], [-78.256518, 0.236437], [-78.256542, 0.23644], [-78.256563, 0.236447], [-78.256581, 0.236456], [-78.256599, 0.236466], [-78.25662, 0.23648], [-78.256633, 0.236489], [-78.256655, 0.236522], [-78.256669, 0.236557], [-78.256738, 0.23638], [-78.256866, 0.236157], [-78.257158, 0.23591], [-78.257248, 0.235835], [-78.25743, 0.235683], [-78.257695, 0.235494], [-78.257751, 0.235405], [-78.257771, 0.235377], [-78.258062, 0.234953], [-78.25817, 0.234795], [-78.258299, 0.235119], [-78.258306, 0.235135], [-78.258307, 0.235138], [-78.258313, 0.235162], [-78.258325, 0.235206], [-78.25838, 0.235411], [-78.25861, 0.235976], [-78.258708, 0.236151], [-78.258808, 0.236272], [-78.258945, 0.236393], [-78.259052, 0.236467], [-78.25968, 0.236935], [-78.260143, 0.237285], [-78.260025, 0.237458], [-78.259901, 0.23764], [-78.259895, 0.237649], [-78.259756, 0.237852], [-78.259738, 0.237878], [-78.259592, 0.237957], [-78.259537, 0.237989], [-78.259524, 0.237994], [-78.259485, 0.238008], [-78.259445, 0.238019], [-78.259404, 0.238027], [-78.259363, 0.238033], [-78.259321, 0.238035], [-78.25928, 0.238033], [-78.259252, 0.238031], [-78.259225, 0.238027], [-78.259184, 0.238019], [-78.258963, 0.237941], [-78.258477, 0.237678], [-78.258476, 0.237678], [-78.257957, 0.237397], [-78.257353, 0.237071], [-78.25686, 0.236806], [-78.25686, 0.236805], [-78.256686, 0.23671], [-78.256686, 0.23671], [-78.256685, 0.236714], [-78.256684, 0.236717], [-78.256683, 0.236721], [-78.256681, 0.236725], [-78.25668, 0.236728], [-78.256679, 0.236732], [-78.256677, 0.236735], [-78.256675, 0.236739], [-78.256674, 0.236742], [-78.256672, 0.236745], [-78.25667, 0.236749], [-78.256668, 0.236752], [-78.256667, 0.236755], [-78.256665, 0.236759], [-78.256663, 0.236762], [-78.256661, 0.236765], [-78.256658, 0.236768], [-78.256656, 0.236771], [-78.256654, 0.236775], [-78.256652, 0.236778], [-78.256649, 0.236781], [-78.256647, 0.236784], [-78.256645, 0.236786], [-78.256642, 0.236789], [-78.25664, 0.236792], [-78.256637, 0.236795], [-78.256634, 0.236798], [-78.256632, 0.2368], [-78.256629, 0.236803], [-78.256626, 0.236806], [-78.256624, 0.236808], [-78.256621, 0.236811], [-78.256618, 0.236813], [-78.256615, 0.236816], [-78.256612, 0.236818], [-78.256609, 0.23682], [-78.256606, 0.236823], [-78.256603, 0.236825], [-78.2566, 0.236827], [-78.256596, 0.236829], [-78.256593, 0.236831], [-78.25659, 0.236833], [-78.256587, 0.236835], [-78.256583, 0.236837], [-78.25658, 0.236839], [-78.256577, 0.236841], [-78.256573, 0.236842], [-78.25657, 0.236844], [-78.256566, 0.236845], [-78.256563, 0.236847], [-78.256559, 0.236848], [-78.256556, 0.23685], [-78.256552, 0.236851], [-78.256549, 0.236852], [-78.256545, 0.236854], [-78.256542, 0.236855], [-78.256538, 0.236856], [-78.256534, 0.236857], [-78.256531, 0.236858], [-78.256527, 0.236859], [-78.256523, 0.236859], [-78.256519, 0.23686], [-78.256516, 0.236861], [-78.256512, 0.236862], [-78.256508, 0.236862], [-78.256504, 0.236863], [-78.256501, 0.236863], [-78.256497, 0.236863], [-78.256493, 0.236864], [-78.256489, 0.236864], [-78.256486, 0.236864], [-78.256482, 0.236864], [-78.256478, 0.236864], [-78.256474, 0.236864], [-78.25647, 0.236864], [-78.256467, 0.236864], [-78.256463, 0.236864], [-78.256459, 0.236863], [-78.256455, 0.236863], [-78.256452, 0.236863], [-78.256448, 0.236862], [-78.256444, 0.236862], [-78.25644, 0.236861], [-78.256437, 0.23686], [-78.256433, 0.236859], [-78.256429, 0.236859], [-78.256425, 0.236858], [-78.256422, 0.236857], [-78.256418, 0.236856], [-78.256414, 0.236855], [-78.256411, 0.236854], [-78.256407, 0.236852], [-78.256404, 0.236851], [-78.2564, 0.23685], [-78.256397, 0.236848], [-78.256393, 0.236847], [-78.25639, 0.236845], [-78.256386, 0.236844], [-78.256384, 0.236843], [-78.256357, 0.236828], [-78.256334, 0.236813], [-78.256312, 0.236794], [-78.256295, 0.236769], [-78.256282, 0.236742], [-78.256281, 0.236738], [-78.25628, 0.236736], [-78.256279, 0.236735], [-78.256278, 0.236731], [-78.256276, 0.236728], [-78.256275, 0.236724], [-78.256273, 0.236721], [-78.256272, 0.236717], [-78.256271, 0.236714], [-78.25627, 0.23671], [-78.256269, 0.236706], [-78.256267, 0.236703], [-78.256267, 0.236699], [-78.256266, 0.236695], [-78.256265, 0.236692], [-78.256264, 0.236688], [-78.256263, 0.236684], [-78.256263, 0.23668], [-78.256262, 0.236677], [-78.256261, 0.236673], [-78.256261, 0.236669], [-78.256261, 0.236665], [-78.25626, 0.236661], [-78.25626, 0.236658], [-78.25626, 0.236654], [-78.25626, 0.23665], [-78.25626, 0.236646], [-78.25626, 0.236642], [-78.25626, 0.236639], [-78.25626, 0.236635], [-78.25626, 0.236631], [-78.25626, 0.236627], [-78.256261, 0.236623], [-78.256261, 0.23662], [-78.256261, 0.23662], [-78.256261, 0.236616], [-78.256262, 0.236612], [-78.256263, 0.236608], [-78.256263, 0.236604], [-78.256264, 0.236601], [-78.256265, 0.236597], [-78.256266, 0.236593], [-78.256267, 0.23659], [-78.256268, 0.236586], [-78.256269, 0.236582], [-78.25627, 0.236579], [-78.256271, 0.236575], [-78.256272, 0.236571], [-78.256273, 0.236568], [-78.256275, 0.236564], [-78.256276, 0.236561], [-78.256278, 0.236557], [-78.256279, 0.236554], [-78.256281, 0.23655], [-78.256281, 0.23655], [-78.256282, 0.236547], [-78.256284, 0.236543], [-78.256286, 0.23654], [-78.256289, 0.236535], [-78.256295, 0.236524], [-78.256301, 0.236514], [-78.256306, 0.236505]]]], "type": "MultiPolygon"}}, {"type": "Feature", "properties": {"sc": "32", "num_muestra": 32, "codigo_muestra": "32", "tipologia": "F", "etiqueta": "32|F", "etiquetaSC": "32|F", "parroquia": "JORDAN", "circunscripcion": "CIRCUNSCRIPCION URBANA", "canton": "OTAVALO", "sec_anm": "100450003010", "pob_t": 360.0, "v_pres": 105.0, "dens_pob": 16589.86, "bbox": [[-78.254217, 0.234907], [-78.252657, 0.237136]], "centroid": [-78.253405, 0.236165]}, "geometry": {"coordinates": [[[[-78.252969, 0.236968], [-78.252657, 0.236801], [-78.253097, 0.235993], [-78.252788, 0.235823], [-78.253276, 0.234907], [-78.254217, 0.235403], [-78.254217, 0.235403], [-78.254215, 0.235407], [-78.254215, 0.235407], [-78.253714, 0.236336], [-78.253711, 0.236342], [-78.253414, 0.236893], [-78.253283, 0.237136], [-78.252969, 0.236968]]]], "type": "MultiPolygon"}}, {"type": "Feature", "properties": {"sc": "33", "num_muestra": 33, "codigo_muestra": "33", "tipologia": "D", "etiqueta": "33|D", "etiquetaSC": "33|D", "parroquia": "JORDAN", "circunscripcion": "CIRCUNSCRIPCION URBANA", "canton": "OTAVALO", "sec_anm": "100450928007", "pob_t": 206.0, "v_pres": 53.0, "dens_pob": 994.69, "bbox": [[-78.228395, 0.230343], [-78.219807, 0.234521]], "centroid": [-78.225228, 0.232432]}, "geometry": {"coordinates": [[[[-78.219825, 0.23447], [-78.21982, 0.234446], [-78.219807, 0.234386], [-78.219807, 0.234384], [-78.219813, 0.234368], [-78.219824, 0.234341], [-78.21989, 0.234304], [-78.219898, 0.234299], [-78.220007, 0.234229], [-78.220106, 0.234172], [-78.220149, 0.23414], [-78.220225, 0.234085], [-78.220376, 0.233963], [-78.220549, 0.233808], [-78.220684, 0.233717], [-78.220834, 0.233631], [-78.221046, 0.23352], [-78.221112, 0.233485], [-78.22132, 0.233372], [-78.221411, 0.233321], [-78.22153, 0.233252], [-78.221594, 0.233215], [-78.221606, 0.233208], [-78.221702, 0.233148], [-78.222414, 0.232771], [-78.222409, 0.232755], [-78.222408, 0.232751], [-78.222399, 0.232721], [-78.222389, 0.23269], [-78.222388, 0.232686], [-78.222382, 0.232667], [-78.222372, 0.232635], [-78.222368, 0.232623], [-78.222355, 0.23258], [-78.222345, 0.232546], [-78.222344, 0.232544], [-78.222327, 0.232488], [-78.222324, 0.232478], [-78.222304, 0.232411], [-78.222286, 0.232353], [-78.222285, 0.23235], [-78.222304, 0.23234], [-78.22231, 0.232337], [-78.222333, 0.232325], [-78.222396, 0.232298], [-78.222435, 0.232282], [-78.222468, 0.232268], [-78.222706, 0.232168], [-78.222876, 0.232096], [-78.223044, 0.232024], [-78.223091, 0.232006], [-78.223175, 0.231976], [-78.223188, 0.231971], [-78.223189, 0.231971], [-78.223196, 0.231969], [-78.223204, 0.231967], [-78.223212, 0.231965], [-78.223293, 0.231944], [-78.223328, 0.231935], [-78.223441, 0.231907], [-78.223458, 0.231903], [-78.22361, 0.23186], [-78.223633, 0.231856], [-78.223669, 0.231848], [-78.223751, 0.231831], [-78.223806, 0.231818], [-78.223862, 0.231806], [-78.223873, 0.231803], [-78.223889, 0.231799], [-78.223896, 0.231797], [-78.223898, 0.231796], [-78.22391, 0.231793], [-78.223915, 0.231791], [-78.223948, 0.231779], [-78.22398, 0.231766], [-78.224011, 0.231755], [-78.224129, 0.231695], [-78.224187, 0.231665], [-78.224189, 0.231664], [-78.224193, 0.231662], [-78.224314, 0.2316], [-78.224328, 0.231593], [-78.224459, 0.23153], [-78.224534, 0.231482], [-78.224579, 0.231454], [-78.224609, 0.231434], [-78.224614, 0.231431], [-78.224701, 0.231375], [-78.224767, 0.231345], [-78.224787, 0.231335], [-78.224869, 0.231307], [-78.224886, 0.231301], [-78.224927, 0.23129], [-78.225006, 0.231269], [-78.225032, 0.231262], [-78.225151, 0.231229], [-78.225273, 0.231189], [-78.225281, 0.231186], [-78.225321, 0.231168], [-78.225379, 0.23113], [-78.225399, 0.231117], [-78.225492, 0.231056], [-78.225536, 0.231032], [-78.225662, 0.230992], [-78.225679, 0.230986], [-78.225745, 0.230963], [-78.225794, 0.230945], [-78.225954, 0.230882], [-78.226085, 0.230823], [-78.226236, 0.230748], [-78.226255, 0.230739], [-78.226318, 0.230706], [-78.226505, 0.230624], [-78.226535, 0.230611], [-78.226681, 0.230545], [-78.226736, 0.23052], [-78.226932, 0.230433], [-78.227071, 0.230369], [-78.227098, 0.230354], [-78.227104, 0.230351], [-78.227112, 0.230346], [-78.227118, 0.230343], [-78.227118, 0.230344], [-78.227131, 0.230378], [-78.227148, 0.23042], [-78.227155, 0.230436], [-78.227155, 0.230437], [-78.227265, 0.230674], [-78.227266, 0.230676], [-78.227271, 0.230685], [-78.227348, 0.230833], [-78.227368, 0.23087], [-78.227458, 0.231038], [-78.227519, 0.231153], [-78.227522, 0.23116], [-78.227524, 0.231163], [-78.227524, 0.231163], [-78.227529, 0.231173], [-78.22754, 0.231196], [-78.227565, 0.231245], [-78.227675, 0.231467], [-78.227694, 0.231494], [-78.227768, 0.231603], [-78.227846, 0.231719], [-78.227909, 0.231817], [-78.227987, 0.231955], [-78.228037, 0.232077], [-78.228057, 0.232136], [-78.228075, 0.232191], [-78.228089, 0.232234], [-78.228092, 0.232244], [-78.228108, 0.232292], [-78.228113, 0.232313], [-78.228151, 0.232452], [-78.228169, 0.23252], [-78.228176, 0.23255], [-78.228184, 0.232587], [-78.228193, 0.232626], [-78.228195, 0.232637], [-78.228198, 0.232648], [-78.228203, 0.23267], [-78.22823, 0.232793], [-78.228249, 0.232881], [-78.228255, 0.232909], [-78.228259, 0.232925], [-78.228263, 0.232941], [-78.228272, 0.233], [-78.228275, 0.233018], [-78.228287, 0.233095], [-78.22829, 0.233114], [-78.228291, 0.23312], [-78.228292, 0.233127], [-78.228294, 0.233141], [-78.228303, 0.233206], [-78.228311, 0.233271], [-78.228314, 0.233281], [-78.228321, 0.233318], [-78.228331, 0.233367], [-78.228335, 0.233386], [-78.228339, 0.233404], [-78.228355, 0.233481], [-78.228363, 0.233518], [-78.228371, 0.23356], [-78.228394, 0.233726], [-78.228394, 0.233796], [-78.228395, 0.233805], [-78.228376, 0.23381], [-78.228364, 0.233813], [-78.228337, 0.23382], [-78.228226, 0.233857], [-78.228197, 0.233869], [-78.228134, 0.233895], [-78.2281, 0.233909], [-78.228089, 0.233914], [-78.228077, 0.233919], [-78.227992, 0.233954], [-78.227977, 0.23396], [-78.227844, 0.233427], [-78.227267, 0.233528], [-78.227072, 0.233561], [-78.227059, 0.233563], [-78.22705, 0.233565], [-78.227017, 0.233572], [-78.227017, 0.233572], [-78.226961, 0.233588], [-78.226798, 0.233639], [-78.226798, 0.233639], [-78.226747, 0.233655], [-78.226733, 0.233659], [-78.226703, 0.233669], [-78.226683, 0.233675], [-78.226675, 0.233678], [-78.226655, 0.233684], [-78.226653, 0.233685], [-78.226651, 0.233685], [-78.226648, 0.233686], [-78.226644, 0.233688], [-78.226624, 0.233694], [-78.226599, 0.233702], [-78.226595, 0.233703], [-78.226553, 0.233717], [-78.226549, 0.233718], [-78.22645, 0.233749], [-78.22637, 0.233775], [-78.226288, 0.233801], [-78.226212, 0.233823], [-78.226198, 0.233827], [-78.226072, 0.233861], [-78.226005, 0.233875], [-78.225959, 0.233884], [-78.225796, 0.233904], [-78.22564, 0.233916], [-78.225572, 0.233917], [-78.225572, 0.233917], [-78.225538, 0.233917], [-78.225522, 0.233917], [-78.225443, 0.233918], [-78.225436, 0.233918], [-78.22527, 0.233925], [-78.225123, 0.233936], [-78.225096, 0.233937], [-78.225076, 0.233938], [-78.225069, 0.233939], [-78.225043, 0.23394], [-78.225037, 0.23394], [-78.224997, 0.233942], [-78.22499, 0.233943], [-78.224989, 0.233943], [-78.224988, 0.233943], [-78.224985, 0.233943], [-78.224984, 0.233943], [-78.224967, 0.233945], [-78.224955, 0.233946], [-78.224893, 0.233952], [-78.22488, 0.233953], [-78.224748, 0.233969], [-78.224628, 0.233983], [-78.224518, 0.233994], [-78.22447, 0.233996], [-78.224406, 0.233999], [-78.22429, 0.233992], [-78.22424, 0.233987], [-78.224217, 0.233984], [-78.224208, 0.233984], [-78.223758, 0.233951], [-78.223715, 0.233957], [-78.223649, 0.233972], [-78.223594, 0.233985], [-78.22353, 0.234003], [-78.223398, 0.234038], [-78.223388, 0.23404], [-78.223388, 0.23404], [-78.223254, 0.234069], [-78.223251, 0.234069], [-78.22323, 0.234072], [-78.223226, 0.234072], [-78.223124, 0.234086], [-78.223109, 0.234088], [-78.223078, 0.234091], [-78.222964, 0.234103], [-78.222924, 0.234107], [-78.222868, 0.234113], [-78.222834, 0.234119], [-78.22283, 0.23412], [-78.222821, 0.234122], [-78.2228, 0.234125], [-78.22277, 0.234131], [-78.222746, 0.234136], [-78.222421, 0.234197], [-78.22202, 0.234253], [-78.221774, 0.234258], [-78.221683, 0.23426], [-78.22166, 0.234261], [-78.221658, 0.234261], [-78.221658, 0.234261], [-78.22165, 0.234262], [-78.221639, 0.234263], [-78.22162, 0.234265], [-78.221595, 0.234268], [-78.221571, 0.23427], [-78.221551, 0.234273], [-78.221506, 0.234278], [-78.221498, 0.234279], [-78.221495, 0.234279], [-78.221462, 0.234284], [-78.221418, 0.234289], [-78.221373, 0.234295], [-78.221329, 0.2343], [-78.221285, 0.234306], [-78.22124, 0.234312], [-78.221196, 0.234318], [-78.221152, 0.234324], [-78.221108, 0.23433], [-78.221063, 0.234336], [-78.221019, 0.234343], [-78.220975, 0.234349], [-78.220931, 0.234356], [-78.220887, 0.234362], [-78.220842, 0.23437], [-78.220799, 0.234379], [-78.220755, 0.234387], [-78.220711, 0.234396], [-78.220668, 0.234405], [-78.220624, 0.234414], [-78.22058, 0.234422], [-78.220536, 0.234431], [-78.220493, 0.234444], [-78.22045, 0.234456], [-78.220407, 0.234467], [-78.220364, 0.234477], [-78.22032, 0.234486], [-78.220276, 0.234494], [-78.220233, 0.234501], [-78.220189, 0.234507], [-78.220145, 0.234513], [-78.220016, 0.234521], [-78.219921, 0.234508], [-78.219825, 0.23447]]]], "type": "MultiPolygon"}}, {"type": "Feature", "properties": {"sc": "34", "num_muestra": 34, "codigo_muestra": "34", "tipologia": "B", "etiqueta": "34|B", "etiquetaSC": "34|B", "parroquia": "JORDAN", "circunscripcion": "CIRCUNSCRIPCION URBANA", "canton": "OTAVALO", "sec_anm": "100450009003", "pob_t": 400.0, "v_pres": 123.0, "dens_pob": 3112.84, "bbox": [[-78.254593, 0.228575], [-78.250492, 0.23391]], "centroid": [-78.252873, 0.231227]}, "geometry": {"coordinates": [[[[-78.250867, 0.232399], [-78.250662, 0.232201], [-78.250651, 0.23219], [-78.250585, 0.232104], [-78.250523, 0.232001], [-78.250492, 0.231935], [-78.250501, 0.231905], [-78.250527, 0.231871], [-78.250559, 0.231851], [-78.250596, 0.231842], [-78.250633, 0.231847], [-78.25079, 0.231918], [-78.250932, 0.231968], [-78.251092, 0.232009], [-78.251173, 0.232014], [-78.25125, 0.232035], [-78.251293, 0.232055], [-78.251384, 0.232132], [-78.251492, 0.232197], [-78.251597, 0.232237], [-78.251718, 0.232263], [-78.251828, 0.232269], [-78.251842, 0.232262], [-78.251885, 0.23224], [-78.251915, 0.232211], [-78.25192, 0.232204], [-78.251941, 0.23217], [-78.251954, 0.232131], [-78.251958, 0.232083], [-78.251958, 0.232076], [-78.251947, 0.232073], [-78.251946, 0.232073], [-78.251936, 0.23207], [-78.251935, 0.23207], [-78.251923, 0.232067], [-78.251917, 0.232066], [-78.251911, 0.232065], [-78.251911, 0.232065], [-78.2519, 0.232064], [-78.251899, 0.232063], [-78.251888, 0.232062], [-78.251887, 0.232062], [-78.251877, 0.232061], [-78.25187, 0.23206], [-78.251864, 0.23206], [-78.251862, 0.23206], [-78.251852, 0.23206], [-78.251851, 0.23206], [-78.25184, 0.23206], [-78.25184, 0.23206], [-78.251829, 0.23206], [-78.251828, 0.23206], [-78.251816, 0.232061], [-78.251814, 0.232061], [-78.251804, 0.232062], [-78.251803, 0.232062], [-78.251792, 0.232063], [-78.251785, 0.232064], [-78.251785, 0.232064], [-78.251778, 0.232065], [-78.251777, 0.232065], [-78.251771, 0.232066], [-78.251769, 0.232066], [-78.251762, 0.232066], [-78.251761, 0.232066], [-78.251755, 0.232066], [-78.251754, 0.232066], [-78.251747, 0.232065], [-78.25174, 0.232065], [-78.25174, 0.232065], [-78.251733, 0.232064], [-78.251733, 0.232063], [-78.251726, 0.232062], [-78.251724, 0.232062], [-78.25172, 0.23206], [-78.251717, 0.23206], [-78.251711, 0.232058], [-78.251711, 0.232058], [-78.251704, 0.232055], [-78.251697, 0.232052], [-78.251691, 0.232049], [-78.251691, 0.232049], [-78.251685, 0.232046], [-78.251684, 0.232046], [-78.251679, 0.232042], [-78.251677, 0.232041], [-78.251671, 0.232038], [-78.251671, 0.232037], [-78.251666, 0.232033], [-78.251665, 0.232033], [-78.25166, 0.232029], [-78.251656, 0.232025], [-78.251655, 0.232024], [-78.251651, 0.232021], [-78.251646, 0.232015], [-78.251642, 0.232011], [-78.251642, 0.23201], [-78.251639, 0.232006], [-78.251638, 0.232006], [-78.251634, 0.232001], [-78.251625, 0.231981], [-78.251615, 0.231961], [-78.251605, 0.231941], [-78.251594, 0.231921], [-78.251583, 0.231901], [-78.251572, 0.231882], [-78.251561, 0.231863], [-78.251549, 0.231844], [-78.251538, 0.231825], [-78.251525, 0.231806], [-78.251513, 0.231788], [-78.2515, 0.231769], [-78.251488, 0.231751], [-78.251474, 0.231733], [-78.251461, 0.231715], [-78.251447, 0.231698], [-78.251433, 0.23168], [-78.251415, 0.231659], [-78.251414, 0.231658], [-78.251396, 0.231638], [-78.251395, 0.231637], [-78.251378, 0.231617], [-78.251376, 0.231615], [-78.251358, 0.231596], [-78.251356, 0.231594], [-78.251339, 0.231576], [-78.251333, 0.231569], [-78.25132, 0.231556], [-78.251313, 0.231549], [-78.2513, 0.231536], [-78.251293, 0.231529], [-78.251275, 0.231511], [-78.251273, 0.231509], [-78.251255, 0.231491], [-78.251253, 0.23149], [-78.251261, 0.231436], [-78.251288, 0.231293], [-78.251313, 0.231165], [-78.251376, 0.230836], [-78.251425, 0.23058], [-78.251461, 0.230388], [-78.251496, 0.230209], [-78.25153, 0.230028], [-78.251568, 0.229831], [-78.251665, 0.229326], [-78.251802, 0.22861], [-78.251802, 0.228607], [-78.251808, 0.228575], [-78.252064, 0.228676], [-78.252118, 0.228634], [-78.252223, 0.228859], [-78.252349, 0.229048], [-78.252431, 0.229134], [-78.252461, 0.229165], [-78.252614, 0.229283], [-78.252552, 0.229419], [-78.253167, 0.229949], [-78.253594, 0.230316], [-78.253597, 0.230319], [-78.253778, 0.230475], [-78.253793, 0.230487], [-78.254561, 0.231037], [-78.254593, 0.231059], [-78.25439, 0.231289], [-78.254062, 0.231909], [-78.253913, 0.23219], [-78.253665, 0.232713], [-78.253557, 0.23294], [-78.253442, 0.23317], [-78.25335, 0.233351], [-78.25311, 0.233842], [-78.253073, 0.23391], [-78.252921, 0.233835], [-78.252585, 0.233737], [-78.252559, 0.233728], [-78.252557, 0.233728], [-78.252532, 0.23372], [-78.25253, 0.233719], [-78.252502, 0.23371], [-78.252474, 0.2337], [-78.252446, 0.23369], [-78.252444, 0.233689], [-78.252419, 0.23368], [-78.252417, 0.233679], [-78.252392, 0.233669], [-78.252391, 0.233669], [-78.252366, 0.233659], [-78.252364, 0.233658], [-78.25234, 0.233648], [-78.252337, 0.233647], [-78.25231, 0.233636], [-78.252283, 0.233624], [-78.252257, 0.233611], [-78.252255, 0.23361], [-78.25223, 0.233599], [-78.252229, 0.233598], [-78.252204, 0.233586], [-78.252204, 0.233586], [-78.252179, 0.233574], [-78.252178, 0.233573], [-78.252152, 0.233559], [-78.252126, 0.233545], [-78.2521, 0.233531], [-78.252097, 0.23353], [-78.252074, 0.233517], [-78.252072, 0.233516], [-78.252049, 0.233502], [-78.252048, 0.233502], [-78.252024, 0.233488], [-78.252024, 0.233487], [-78.252001, 0.233473], [-78.251999, 0.233472], [-78.251974, 0.233456], [-78.251949, 0.23344], [-78.251946, 0.233438], [-78.251925, 0.233424], [-78.2519, 0.233407], [-78.251899, 0.233406], [-78.251876, 0.233391], [-78.251876, 0.23339], [-78.251853, 0.233374], [-78.251853, 0.233373], [-78.251831, 0.233358], [-78.251829, 0.233356], [-78.251805, 0.233338], [-78.251782, 0.23332], [-78.251759, 0.233302], [-78.251757, 0.2333], [-78.251736, 0.233284], [-78.251735, 0.233283], [-78.251714, 0.233265], [-78.251686, 0.233244], [-78.251684, 0.233243], [-78.251658, 0.233222], [-78.251655, 0.233221], [-78.25163, 0.233201], [-78.251626, 0.233198], [-78.251602, 0.233179], [-78.251575, 0.233157], [-78.251548, 0.233134], [-78.251538, 0.233125], [-78.251538, 0.233125], [-78.251485, 0.233081], [-78.251475, 0.233071], [-78.251371, 0.232975], [-78.251329, 0.232937], [-78.251199, 0.232805], [-78.251056, 0.232643], [-78.251003, 0.232552], [-78.250955, 0.232491], [-78.250935, 0.232465], [-78.250867, 0.232399]]]], "type": "MultiPolygon"}}, {"type": "Feature", "properties": {"sc": "35", "num_muestra": 35, "codigo_muestra": "35", "tipologia": "D", "etiqueta": "35|D", "etiquetaSC": "35|D", "parroquia": "JORDAN", "circunscripcion": "CIRCUNSCRIPCION URBANA", "canton": "OTAVALO", "sec_anm": "100450009008", "pob_t": 341.0, "v_pres": 87.0, "dens_pob": 10059.0, "bbox": [[-78.260232, 0.227484], [-78.257108, 0.229743]], "centroid": [-78.258898, 0.228551]}, "geometry": {"coordinates": [[[[-78.258931, 0.229174], [-78.258641, 0.228957], [-78.258576, 0.228909], [-78.258257, 0.22867], [-78.257939, 0.228431], [-78.25749, 0.229039], [-78.257487, 0.229037], [-78.257108, 0.228724], [-78.257651, 0.228216], [-78.257633, 0.22816], [-78.257996, 0.22782], [-78.25836, 0.227484], [-78.258372, 0.227493], [-78.258509, 0.227603], [-78.258833, 0.227863], [-78.259094, 0.228073], [-78.2595, 0.228398], [-78.260232, 0.228964], [-78.259668, 0.229743], [-78.258931, 0.229174]]]], "type": "MultiPolygon"}}, {"type": "Feature", "properties": {"sc": "36", "num_muestra": 36, "codigo_muestra": "36", "tipologia": "G", "etiqueta": "36|G", "etiquetaSC": "36|G", "parroquia": "JORDAN", "circunscripcion": "CIRCUNSCRIPCION URBANA", "canton": "OTAVALO", "sec_anm": "100450009005", "pob_t": 325.0, "v_pres": 86.0, "dens_pob": 6900.21, "bbox": [[-78.257514, 0.22715], [-78.253399, 0.229654]], "centroid": [-78.255247, 0.228366]}, "geometry": {"coordinates": [[[[-78.25692, 0.228546], [-78.25665, 0.228784], [-78.256017, 0.228194], [-78.255884, 0.228325], [-78.255363, 0.22884], [-78.255057, 0.229144], [-78.254982, 0.229079], [-78.254807, 0.229283], [-78.254489, 0.229654], [-78.254406, 0.229592], [-78.253839, 0.229152], [-78.253399, 0.228772], [-78.253613, 0.228411], [-78.253723, 0.228226], [-78.25384, 0.228113], [-78.253895, 0.228072], [-78.253908, 0.228064], [-78.254419, 0.228522], [-78.254427, 0.22853], [-78.254451, 0.228553], [-78.254464, 0.22854], [-78.254466, 0.228542], [-78.255015, 0.228022], [-78.255287, 0.227799], [-78.255381, 0.227722], [-78.255269, 0.227574], [-78.255311, 0.227579], [-78.255619, 0.227558], [-78.255859, 0.227542], [-78.256012, 0.227518], [-78.256075, 0.227502], [-78.256119, 0.227453], [-78.256155, 0.227386], [-78.256195, 0.22726], [-78.256231, 0.22715], [-78.256285, 0.227194], [-78.25635, 0.227265], [-78.256438, 0.227351], [-78.25666, 0.227526], [-78.256811, 0.227628], [-78.257071, 0.227776], [-78.257514, 0.228067], [-78.257327, 0.228258], [-78.257085, 0.228408], [-78.25692, 0.228546]]]], "type": "MultiPolygon"}}, {"type": "Feature", "properties": {"sc": "37", "num_muestra": 37, "codigo_muestra": "37", "tipologia": "E", "etiqueta": "37|E", "etiquetaSC": "37|E", "parroquia": "JORDAN", "circunscripcion": "CIRCUNSCRIPCION URBANA", "canton": "OTAVALO", "sec_anm": "100450007004", "pob_t": 213.0, "v_pres": 80.0, "dens_pob": 7717.39, "bbox": [[-78.263736, 0.226835], [-78.261249, 0.229186]], "centroid": [-78.262483, 0.228007]}, "geometry": {"coordinates": [[[[-78.262399, 0.227376], [-78.262765, 0.227677], [-78.263068, 0.227927], [-78.263736, 0.228492], [-78.263494, 0.22883], [-78.263238, 0.229186], [-78.262994, 0.228987], [-78.262558, 0.228633], [-78.262539, 0.228617], [-78.261899, 0.228087], [-78.261249, 0.227547], [-78.261362, 0.227382], [-78.261727, 0.226856], [-78.261741, 0.226835], [-78.262399, 0.227376]]]], "type": "MultiPolygon"}}, {"type": "Feature", "properties": {"sc": "38", "num_muestra": 38, "codigo_muestra": "38", "tipologia": "C", "etiqueta": "38|C", "etiquetaSC": "38|C", "parroquia": "JORDAN", "circunscripcion": "CIRCUNSCRIPCION URBANA", "canton": "OTAVALO", "sec_anm": "100450010002", "pob_t": 385.0, "v_pres": 99.0, "dens_pob": 2936.69, "bbox": [[-78.257825, 0.223087], [-78.25331, 0.22703]], "centroid": [-78.255487, 0.225083]}, "geometry": {"coordinates": [[[[-78.25331, 0.22498], [-78.253334, 0.224961], [-78.253367, 0.224961], [-78.253392, 0.224953], [-78.253415, 0.22495], [-78.253421, 0.224949], [-78.253441, 0.224942], [-78.253467, 0.224929], [-78.253472, 0.224924], [-78.253518, 0.224883], [-78.253527, 0.224875], [-78.253589, 0.224819], [-78.253648, 0.224766], [-78.253691, 0.224727], [-78.253764, 0.224662], [-78.253886, 0.224553], [-78.253897, 0.224544], [-78.254085, 0.22439], [-78.254356, 0.224167], [-78.254491, 0.224057], [-78.255012, 0.22363], [-78.255396, 0.223316], [-78.25553, 0.223206], [-78.255874, 0.223662], [-78.256019, 0.22354], [-78.256099, 0.223472], [-78.256576, 0.223087], [-78.25658, 0.223091], [-78.256594, 0.22311], [-78.256963, 0.223598], [-78.256987, 0.22363], [-78.257107, 0.223762], [-78.257131, 0.223789], [-78.257134, 0.223792], [-78.257142, 0.2238], [-78.257147, 0.223806], [-78.257133, 0.223841], [-78.257185, 0.223875], [-78.257314, 0.223983], [-78.257445, 0.224113], [-78.257603, 0.224271], [-78.2577, 0.224381], [-78.257825, 0.224565], [-78.257775, 0.224592], [-78.257726, 0.224624], [-78.257696, 0.224653], [-78.257678, 0.224686], [-78.257681, 0.224706], [-78.257697, 0.22472], [-78.257722, 0.224719], [-78.257676, 0.224774], [-78.257638, 0.224858], [-78.257618, 0.22493], [-78.2576, 0.225017], [-78.257591, 0.225149], [-78.257574, 0.22526], [-78.257551, 0.225404], [-78.257517, 0.225495], [-78.257454, 0.225648], [-78.257353, 0.225863], [-78.257233, 0.226075], [-78.257134, 0.226197], [-78.257058, 0.226263], [-78.256987, 0.226309], [-78.256948, 0.226322], [-78.256901, 0.226338], [-78.256819, 0.226355], [-78.256728, 0.226365], [-78.256592, 0.226351], [-78.256497, 0.226322], [-78.256423, 0.226275], [-78.256356, 0.226222], [-78.256301, 0.226158], [-78.25619, 0.22614], [-78.256127, 0.226172], [-78.255421, 0.22693], [-78.255304, 0.22703], [-78.255268, 0.227026], [-78.254582, 0.226905], [-78.254505, 0.226867], [-78.254049, 0.226088], [-78.253861, 0.225806], [-78.253859, 0.225803], [-78.253542, 0.225327], [-78.25331, 0.22498]]]], "type": "MultiPolygon"}}, {"type": "Feature", "properties": {"sc": "39", "num_muestra": 39, "codigo_muestra": "39", "tipologia": "A", "etiqueta": "39|A", "etiquetaSC": "39|A", "parroquia": "JORDAN", "circunscripcion": "CIRCUNSCRIPCION URBANA", "canton": "OTAVALO", "sec_anm": "100450929004", "pob_t": 463.0, "v_pres": 117.0, "dens_pob": 2538.38, "bbox": [[-78.231434, 0.22074], [-78.226543, 0.226734]], "centroid": [-78.228636, 0.223793]}, "geometry": {"coordinates": [[[[-78.227637, 0.224833], [-78.227785, 0.224725], [-78.227815, 0.224703], [-78.227747, 0.224643], [-78.227722, 0.224614], [-78.22766, 0.224541], [-78.227659, 0.22454], [-78.227587, 0.224457], [-78.227524, 0.224395], [-78.227524, 0.224395], [-78.227513, 0.224385], [-78.227497, 0.224369], [-78.227463, 0.224337], [-78.227463, 0.224337], [-78.227434, 0.22431], [-78.227372, 0.224253], [-78.227311, 0.224205], [-78.227212, 0.224125], [-78.22711, 0.22403], [-78.227093, 0.224013], [-78.227028, 0.223951], [-78.226954, 0.223883], [-78.226545, 0.223458], [-78.226543, 0.223456], [-78.226555, 0.22344], [-78.226575, 0.223412], [-78.226604, 0.22336], [-78.226641, 0.223301], [-78.22665, 0.223284], [-78.226675, 0.223235], [-78.226702, 0.223195], [-78.226757, 0.223129], [-78.226831, 0.223064], [-78.22696, 0.222945], [-78.227059, 0.222852], [-78.227083, 0.222832], [-78.227201, 0.222727], [-78.227326, 0.222623], [-78.227416, 0.222541], [-78.227455, 0.222506], [-78.227563, 0.222418], [-78.227692, 0.222314], [-78.227742, 0.222268], [-78.227767, 0.222236], [-78.227775, 0.222226], [-78.227774, 0.222225], [-78.227751, 0.222202], [-78.227727, 0.222179], [-78.227696, 0.22215], [-78.227638, 0.222104], [-78.227638, 0.222103], [-78.227635, 0.222101], [-78.227633, 0.2221], [-78.227633, 0.222099], [-78.227598, 0.222072], [-78.227527, 0.222019], [-78.227519, 0.222013], [-78.227505, 0.222003], [-78.227504, 0.222002], [-78.227503, 0.222001], [-78.227501, 0.222], [-78.22747, 0.22198], [-78.227447, 0.221965], [-78.227442, 0.221961], [-78.227757, 0.221646], [-78.228228, 0.221176], [-78.228492, 0.22091], [-78.228523, 0.220877], [-78.228567, 0.220833], [-78.228666, 0.22074], [-78.228683, 0.220759], [-78.22875, 0.220782], [-78.228775, 0.220801], [-78.228876, 0.220876], [-78.228989, 0.22096], [-78.229482, 0.22133], [-78.229502, 0.221345], [-78.229528, 0.221365], [-78.229552, 0.221383], [-78.230167, 0.221843], [-78.230204, 0.221878], [-78.230214, 0.221888], [-78.230215, 0.221889], [-78.230221, 0.221894], [-78.230225, 0.221898], [-78.230226, 0.221899], [-78.230239, 0.221911], [-78.230311, 0.221978], [-78.230794, 0.222431], [-78.230815, 0.222451], [-78.230838, 0.222472], [-78.230838, 0.222472], [-78.230839, 0.222473], [-78.23084, 0.222474], [-78.231028, 0.222651], [-78.231286, 0.222892], [-78.231405, 0.223004], [-78.231415, 0.223015], [-78.231434, 0.223039], [-78.231434, 0.22304], [-78.231032, 0.22333], [-78.231032, 0.22333], [-78.230965, 0.223379], [-78.230702, 0.223576], [-78.230614, 0.223639], [-78.230572, 0.22367], [-78.230528, 0.223703], [-78.230226, 0.223922], [-78.230187, 0.223951], [-78.230187, 0.223951], [-78.230053, 0.224048], [-78.230041, 0.224056], [-78.23004, 0.224057], [-78.23004, 0.224057], [-78.230034, 0.224061], [-78.230005, 0.224084], [-78.229946, 0.22413], [-78.22994, 0.224135], [-78.229938, 0.224136], [-78.229907, 0.224161], [-78.229905, 0.224162], [-78.229829, 0.224222], [-78.229812, 0.224237], [-78.2298, 0.224248], [-78.229784, 0.224261], [-78.22977, 0.224274], [-78.229766, 0.224277], [-78.229752, 0.224289], [-78.229746, 0.224294], [-78.229746, 0.224295], [-78.229744, 0.224296], [-78.229716, 0.224318], [-78.22969, 0.224339], [-78.229682, 0.224345], [-78.229682, 0.224346], [-78.229693, 0.224357], [-78.229701, 0.224366], [-78.229726, 0.224393], [-78.229743, 0.224412], [-78.229747, 0.224416], [-78.229806, 0.224482], [-78.229806, 0.224482], [-78.229815, 0.224492], [-78.229854, 0.224535], [-78.229906, 0.224593], [-78.229954, 0.224647], [-78.229965, 0.224659], [-78.229992, 0.224687], [-78.230029, 0.224728], [-78.230051, 0.224752], [-78.230051, 0.224752], [-78.230054, 0.224754], [-78.230035, 0.224772], [-78.229853, 0.224933], [-78.229853, 0.224933], [-78.229793, 0.224986], [-78.229716, 0.225075], [-78.229675, 0.225123], [-78.229662, 0.225138], [-78.229657, 0.225145], [-78.229636, 0.22517], [-78.229611, 0.225201], [-78.229603, 0.225211], [-78.229602, 0.225212], [-78.229594, 0.225221], [-78.229594, 0.225222], [-78.229576, 0.225242], [-78.229576, 0.225242], [-78.229565, 0.225253], [-78.229549, 0.225272], [-78.229543, 0.225278], [-78.229533, 0.225289], [-78.229533, 0.225289], [-78.229532, 0.22529], [-78.229531, 0.225291], [-78.229528, 0.225294], [-78.229523, 0.225298], [-78.229513, 0.225309], [-78.229506, 0.225316], [-78.229503, 0.225318], [-78.229478, 0.225344], [-78.229466, 0.225356], [-78.229463, 0.225359], [-78.229454, 0.225368], [-78.22944, 0.225382], [-78.229435, 0.225386], [-78.229353, 0.225458], [-78.22935, 0.225461], [-78.22932, 0.225485], [-78.22931, 0.225494], [-78.229294, 0.225508], [-78.229239, 0.225552], [-78.22923, 0.225559], [-78.229215, 0.22557], [-78.229194, 0.225585], [-78.229192, 0.225587], [-78.22918, 0.225596], [-78.229124, 0.225637], [-78.229106, 0.22565], [-78.229077, 0.225671], [-78.229044, 0.225695], [-78.22901, 0.225719], [-78.228983, 0.225738], [-78.228972, 0.225746], [-78.228962, 0.225753], [-78.228943, 0.225767], [-78.228931, 0.225775], [-78.228922, 0.225782], [-78.228913, 0.225788], [-78.228905, 0.225794], [-78.228868, 0.225821], [-78.228864, 0.225824], [-78.228835, 0.225845], [-78.228827, 0.225851], [-78.228822, 0.225855], [-78.228799, 0.225872], [-78.228779, 0.225887], [-78.228744, 0.225913], [-78.228743, 0.225914], [-78.22872, 0.225931], [-78.228707, 0.22594], [-78.228663, 0.225971], [-78.228622, 0.226001], [-78.22861, 0.226009], [-78.22861, 0.226009], [-78.228606, 0.226012], [-78.228603, 0.226014], [-78.228591, 0.226021], [-78.228584, 0.226026], [-78.228584, 0.226026], [-78.228563, 0.226039], [-78.228543, 0.226052], [-78.228522, 0.226065], [-78.22852, 0.226067], [-78.228485, 0.226092], [-78.22848, 0.226096], [-78.228476, 0.226099], [-78.228468, 0.226105], [-78.22845, 0.226118], [-78.228423, 0.226138], [-78.228423, 0.226138], [-78.228393, 0.22616], [-78.228391, 0.226162], [-78.228366, 0.226179], [-78.228363, 0.226181], [-78.22835, 0.22619], [-78.228319, 0.226207], [-78.228279, 0.226222], [-78.228226, 0.226231], [-78.228156, 0.226238], [-78.228145, 0.226239], [-78.228104, 0.226245], [-78.228063, 0.22625], [-78.228017, 0.226257], [-78.227967, 0.226273], [-78.227921, 0.226298], [-78.227915, 0.226301], [-78.227904, 0.226307], [-78.227859, 0.226331], [-78.227859, 0.226331], [-78.227847, 0.226337], [-78.227807, 0.226365], [-78.227723, 0.226421], [-78.227719, 0.226424], [-78.227609, 0.226505], [-78.227593, 0.226517], [-78.227593, 0.226517], [-78.227588, 0.22652], [-78.227574, 0.22653], [-78.227557, 0.226542], [-78.227553, 0.226544], [-78.22752, 0.226567], [-78.227504, 0.226578], [-78.22748, 0.226594], [-78.227461, 0.226607], [-78.227452, 0.226613], [-78.227452, 0.226614], [-78.227447, 0.226617], [-78.227415, 0.226639], [-78.227357, 0.226679], [-78.227335, 0.226693], [-78.227272, 0.226734], [-78.227272, 0.226734], [-78.227256, 0.22671], [-78.227191, 0.226612], [-78.22714, 0.226525], [-78.226966, 0.22624], [-78.226865, 0.226076], [-78.226858, 0.226066], [-78.226841, 0.226037], [-78.226822, 0.226006], [-78.226783, 0.225941], [-78.226699, 0.225808], [-78.226623, 0.225689], [-78.226597, 0.225645], [-78.226566, 0.225595], [-78.226902, 0.22536], [-78.226958, 0.225325], [-78.22703, 0.225276], [-78.22712, 0.225208], [-78.227533, 0.224907], [-78.227637, 0.224833]]]], "type": "MultiPolygon"}}, {"type": "Feature", "properties": {"sc": "40", "num_muestra": 40, "codigo_muestra": "40", "tipologia": "G", "etiqueta": "40|G", "etiquetaSC": "40|G", "parroquia": "JORDAN", "circunscripcion": "CIRCUNSCRIPCION URBANA", "canton": "OTAVALO", "sec_anm": "100450929006", "pob_t": 475.0, "v_pres": 101.0, "dens_pob": 2143.5, "bbox": [[-78.226858, 0.218551], [-78.219619, 0.223743]], "centroid": [-78.223614, 0.220892]}, "geometry": {"coordinates": [[[[-78.222934, 0.223743], [-78.222264, 0.223023], [-78.222235, 0.222992], [-78.222198, 0.222953], [-78.221998, 0.222739], [-78.221919, 0.222655], [-78.221829, 0.222559], [-78.221777, 0.222504], [-78.221749, 0.222454], [-78.221742, 0.222417], [-78.221749, 0.222379], [-78.221763, 0.222351], [-78.221802, 0.222309], [-78.222098, 0.221954], [-78.222149, 0.221898], [-78.220355, 0.22042], [-78.219696, 0.219882], [-78.219619, 0.219799], [-78.219709, 0.219836], [-78.219799, 0.219874], [-78.219873, 0.2199], [-78.219898, 0.219908], [-78.219924, 0.219917], [-78.220246, 0.219976], [-78.220703, 0.220041], [-78.221111, 0.220113], [-78.221111, 0.220112], [-78.221379, 0.219691], [-78.221467, 0.219571], [-78.221882, 0.219079], [-78.222197, 0.218551], [-78.222221, 0.218556], [-78.222233, 0.218559], [-78.222254, 0.218564], [-78.223039, 0.218741], [-78.22435, 0.219207], [-78.224374, 0.219216], [-78.224409, 0.219228], [-78.224557, 0.219281], [-78.224585, 0.219291], [-78.225113, 0.219478], [-78.225145, 0.21949], [-78.225153, 0.219493], [-78.22518, 0.219502], [-78.225308, 0.219548], [-78.225308, 0.219548], [-78.22572, 0.219694], [-78.225946, 0.219775], [-78.225957, 0.219778], [-78.226001, 0.219792], [-78.226052, 0.219808], [-78.226454, 0.219933], [-78.226858, 0.220058], [-78.225987, 0.221363], [-78.226156, 0.221431], [-78.225625, 0.22201], [-78.225476, 0.222193], [-78.22544, 0.222244], [-78.225415, 0.222393], [-78.225397, 0.222439], [-78.225363, 0.222494], [-78.225342, 0.222522], [-78.225313, 0.222552], [-78.225098, 0.222765], [-78.224716, 0.222391], [-78.224493, 0.222226], [-78.223786, 0.223269], [-78.223551, 0.22308], [-78.222934, 0.223743]]]], "type": "MultiPolygon"}}, {"type": "Feature", "properties": {"sc": "41", "num_muestra": 41, "codigo_muestra": "41", "tipologia": "D", "etiqueta": "41|D", "etiquetaSC": "41|D", "parroquia": "SAN LUIS", "circunscripcion": "CIRCUNSCRIPCION URBANA", "canton": "OTAVALO", "sec_anm": "100450005002", "pob_t": 349.0, "v_pres": 93.0, "dens_pob": 3013.82, "bbox": [[-78.272743, 0.234007], [-78.2676, 0.239709]], "centroid": [-78.269687, 0.236855]}, "geometry": {"coordinates": [[[[-78.267854, 0.2387], [-78.267882, 0.238627], [-78.268102, 0.238055], [-78.268109, 0.238034], [-78.268229, 0.237678], [-78.268579, 0.236903], [-78.268767, 0.236344], [-78.268853, 0.236051], [-78.268937, 0.235762], [-78.268945, 0.235735], [-78.269068, 0.235281], [-78.269092, 0.235094], [-78.269091, 0.23505], [-78.269087, 0.23472], [-78.269081, 0.234243], [-78.269016, 0.234007], [-78.269095, 0.234117], [-78.26931, 0.234414], [-78.269375, 0.234505], [-78.269398, 0.234611], [-78.269406, 0.23472], [-78.269379, 0.234926], [-78.269891, 0.235407], [-78.269992, 0.235536], [-78.27002, 0.235573], [-78.270029, 0.235585], [-78.270093, 0.235667], [-78.270149, 0.235734], [-78.270173, 0.235758], [-78.270318, 0.235908], [-78.270448, 0.236041], [-78.270527, 0.236117], [-78.270604, 0.236192], [-78.270688, 0.236273], [-78.27073, 0.236313], [-78.27081, 0.23642], [-78.2708, 0.236463], [-78.270785, 0.236532], [-78.270784, 0.236548], [-78.270778, 0.236643], [-78.270773, 0.236713], [-78.270771, 0.236827], [-78.270786, 0.236883], [-78.270791, 0.2369], [-78.270815, 0.236978], [-78.270894, 0.237352], [-78.270898, 0.237361], [-78.270928, 0.237434], [-78.270937, 0.237455], [-78.270967, 0.237527], [-78.27097, 0.237535], [-78.270973, 0.237553], [-78.270975, 0.237579], [-78.270984, 0.237684], [-78.270984, 0.237685], [-78.27099, 0.237762], [-78.270991, 0.237779], [-78.271001, 0.237928], [-78.271009, 0.238053], [-78.27101, 0.238097], [-78.271011, 0.238123], [-78.271011, 0.238124], [-78.27102, 0.238206], [-78.271045, 0.238256], [-78.271097, 0.238313], [-78.271107, 0.238319], [-78.27111, 0.23832], [-78.271121, 0.238327], [-78.271563, 0.238589], [-78.271793, 0.238725], [-78.2719, 0.238787], [-78.271993, 0.238847], [-78.272097, 0.238936], [-78.272225, 0.239044], [-78.272277, 0.239082], [-78.272364, 0.239134], [-78.272407, 0.239148], [-78.272484, 0.239165], [-78.27255, 0.239169], [-78.272621, 0.239172], [-78.272689, 0.239179], [-78.272713, 0.239181], [-78.272743, 0.239194], [-78.272715, 0.239192], [-78.272424, 0.239182], [-78.272388, 0.239181], [-78.272086, 0.23917], [-78.271384, 0.239145], [-78.271285, 0.239141], [-78.27117, 0.239139], [-78.271153, 0.239138], [-78.271145, 0.239131], [-78.271133, 0.239119], [-78.271116, 0.239094], [-78.271099, 0.239069], [-78.271086, 0.239051], [-78.271072, 0.23904], [-78.271051, 0.239029], [-78.271026, 0.23902], [-78.270995, 0.23901], [-78.270977, 0.239005], [-78.270955, 0.239002], [-78.270932, 0.238999], [-78.270902, 0.238996], [-78.270885, 0.238992], [-78.270846, 0.238992], [-78.270835, 0.238992], [-78.270833, 0.238992], [-78.270807, 0.238994], [-78.270792, 0.238999], [-78.270779, 0.239007], [-78.270765, 0.239015], [-78.27075, 0.239022], [-78.270739, 0.239022], [-78.270736, 0.239022], [-78.270721, 0.239022], [-78.270702, 0.239017], [-78.270698, 0.239014], [-78.270687, 0.239006], [-78.270677, 0.238995], [-78.270652, 0.238977], [-78.270626, 0.238958], [-78.270562, 0.238908], [-78.270503, 0.238865], [-78.270451, 0.238825], [-78.270432, 0.238809], [-78.270426, 0.238804], [-78.270407, 0.23879], [-78.270385, 0.23877], [-78.270369, 0.238758], [-78.27034, 0.23874], [-78.270298, 0.238718], [-78.270264, 0.238703], [-78.270205, 0.238677], [-78.270175, 0.23866], [-78.270152, 0.238642], [-78.270138, 0.238634], [-78.270132, 0.23863], [-78.270106, 0.238615], [-78.270087, 0.238606], [-78.270067, 0.238595], [-78.270055, 0.238588], [-78.270047, 0.238583], [-78.270031, 0.238572], [-78.270015, 0.238562], [-78.269997, 0.238551], [-78.269981, 0.238546], [-78.269965, 0.23855], [-78.269949, 0.238563], [-78.269934, 0.238577], [-78.269918, 0.238589], [-78.2699, 0.238597], [-78.26988, 0.2386], [-78.269861, 0.2386], [-78.269845, 0.238602], [-78.269829, 0.238607], [-78.269815, 0.238615], [-78.269808, 0.238624], [-78.269802, 0.238631], [-78.26979, 0.238644], [-78.269768, 0.238658], [-78.269759, 0.238665], [-78.269736, 0.238676], [-78.269726, 0.23868], [-78.269712, 0.238686], [-78.269683, 0.238697], [-78.269656, 0.238705], [-78.269645, 0.238708], [-78.269616, 0.238713], [-78.269598, 0.238716], [-78.269569, 0.238718], [-78.269539, 0.238724], [-78.269514, 0.238729], [-78.269508, 0.23873], [-78.26949, 0.238733], [-78.269465, 0.238739], [-78.269447, 0.23874], [-78.269436, 0.238739], [-78.269427, 0.238733], [-78.269423, 0.23873], [-78.269416, 0.238724], [-78.269406, 0.238712], [-78.269397, 0.238704], [-78.269384, 0.2387], [-78.269368, 0.238699], [-78.26935, 0.2387], [-78.269333, 0.238705], [-78.269312, 0.238712], [-78.269292, 0.238719], [-78.269275, 0.238727], [-78.269263, 0.238734], [-78.269256, 0.238738], [-78.269233, 0.238748], [-78.269212, 0.238758], [-78.269199, 0.23877], [-78.269188, 0.23878], [-78.269184, 0.238784], [-78.26918, 0.238788], [-78.269164, 0.238809], [-78.269148, 0.238834], [-78.269132, 0.238851], [-78.269118, 0.238862], [-78.269102, 0.238872], [-78.269085, 0.238876], [-78.269082, 0.238877], [-78.269058, 0.238883], [-78.269024, 0.23889], [-78.26898, 0.238898], [-78.268939, 0.238905], [-78.268896, 0.238912], [-78.268856, 0.238917], [-78.26884, 0.23892], [-78.26882, 0.238923], [-78.268785, 0.238932], [-78.268746, 0.238941], [-78.268723, 0.238945], [-78.268695, 0.238953], [-78.26867, 0.23896], [-78.268645, 0.23897], [-78.268621, 0.23898], [-78.268594, 0.238995], [-78.268567, 0.239006], [-78.268541, 0.239017], [-78.268537, 0.239019], [-78.268513, 0.239028], [-78.268478, 0.239039], [-78.268467, 0.239042], [-78.268446, 0.23905], [-78.268438, 0.239053], [-78.268424, 0.239061], [-78.268416, 0.239064], [-78.268387, 0.239081], [-78.268376, 0.239093], [-78.268368, 0.23911], [-78.268365, 0.239126], [-78.268358, 0.23915], [-78.268352, 0.239172], [-78.268345, 0.239189], [-78.268339, 0.23921], [-78.268328, 0.239237], [-78.268323, 0.239246], [-78.268315, 0.239256], [-78.268305, 0.239267], [-78.268291, 0.23928], [-78.268275, 0.239292], [-78.268264, 0.239303], [-78.268248, 0.239319], [-78.268239, 0.23933], [-78.268235, 0.239335], [-78.268225, 0.23935], [-78.268216, 0.239362], [-78.268208, 0.239373], [-78.268199, 0.239386], [-78.268191, 0.239399], [-78.268185, 0.239407], [-78.268179, 0.239421], [-78.268171, 0.23943], [-78.26816, 0.239441], [-78.26815, 0.239451], [-78.268138, 0.239457], [-78.268127, 0.239465], [-78.268116, 0.239473], [-78.2681, 0.239484], [-78.268086, 0.239494], [-78.268071, 0.239502], [-78.268051, 0.239514], [-78.268043, 0.239519], [-78.268027, 0.23953], [-78.268013, 0.23954], [-78.268001, 0.239549], [-78.267989, 0.23956], [-78.267976, 0.239575], [-78.267964, 0.239587], [-78.267951, 0.239599], [-78.267911, 0.239631], [-78.267902, 0.239638], [-78.267891, 0.239645], [-78.267813, 0.239709], [-78.267799, 0.239691], [-78.267784, 0.239672], [-78.26776, 0.239643], [-78.267758, 0.239641], [-78.26762, 0.239487], [-78.2676, 0.239464], [-78.267768, 0.238957], [-78.267792, 0.238884], [-78.267818, 0.238806], [-78.267851, 0.238708], [-78.267854, 0.2387]]]], "type": "MultiPolygon"}}, {"type": "Feature", "properties": {"sc": "42", "num_muestra": 42, "codigo_muestra": "42", "tipologia": "H", "etiqueta": "42|H", "etiquetaSC": "42|H", "parroquia": "SAN LUIS", "circunscripcion": "CIRCUNSCRIPCION URBANA", "canton": "OTAVALO", "sec_anm": "100450005005", "pob_t": 381.0, "v_pres": 96.0, "dens_pob": 4319.73, "bbox": [[-78.272046, 0.23058], [-78.267861, 0.235598]], "centroid": [-78.271195, 0.233095]}, "geometry": {"coordinates": [[[[-78.271044, 0.234469], [-78.271036, 0.234462], [-78.270823, 0.234275], [-78.270791, 0.234247], [-78.271003, 0.234012], [-78.271014, 0.233999], [-78.271224, 0.233765], [-78.271236, 0.233752], [-78.270982, 0.233525], [-78.27073, 0.233299], [-78.270477, 0.233072], [-78.270457, 0.233054], [-78.270216, 0.232838], [-78.270201, 0.232825], [-78.269964, 0.232612], [-78.269516, 0.233119], [-78.26891, 0.233804], [-78.268862, 0.233728], [-78.268756, 0.233599], [-78.26854, 0.233372], [-78.268129, 0.232987], [-78.268077, 0.232937], [-78.267861, 0.23275], [-78.267934, 0.232601], [-78.267989, 0.232474], [-78.268017, 0.232381], [-78.268048, 0.232262], [-78.268079, 0.23213], [-78.268098, 0.232044], [-78.268118, 0.231929], [-78.268138, 0.231729], [-78.268147, 0.231035], [-78.268145, 0.230759], [-78.268155, 0.23058], [-78.2682, 0.230601], [-78.268504, 0.230745], [-78.268839, 0.230903], [-78.268988, 0.230973], [-78.269065, 0.23101], [-78.269352, 0.231145], [-78.26943, 0.231204], [-78.269499, 0.231271], [-78.269559, 0.231345], [-78.26961, 0.231424], [-78.269693, 0.231515], [-78.269776, 0.23159], [-78.269866, 0.231658], [-78.270003, 0.231738], [-78.270198, 0.231804], [-78.270395, 0.23187], [-78.270625, 0.231947], [-78.270796, 0.232027], [-78.270912, 0.232104], [-78.271199, 0.232355], [-78.271331, 0.232469], [-78.271421, 0.232543], [-78.271467, 0.23258], [-78.271579, 0.232703], [-78.271588, 0.232714], [-78.27161, 0.232742], [-78.271617, 0.232751], [-78.271625, 0.232762], [-78.271968, 0.233197], [-78.272014, 0.233256], [-78.272046, 0.233297], [-78.272042, 0.233305], [-78.272008, 0.233378], [-78.27193, 0.233542], [-78.271927, 0.233549], [-78.271908, 0.233603], [-78.271899, 0.233638], [-78.271898, 0.23368], [-78.27189, 0.233727], [-78.271864, 0.233791], [-78.271833, 0.233832], [-78.271786, 0.233897], [-78.271758, 0.233932], [-78.271736, 0.233961], [-78.271715, 0.234002], [-78.271701, 0.234048], [-78.271689, 0.234096], [-78.271686, 0.234133], [-78.271672, 0.234185], [-78.271641, 0.234283], [-78.271611, 0.23435], [-78.271575, 0.234436], [-78.271546, 0.2345], [-78.271518, 0.234556], [-78.271467, 0.234656], [-78.271428, 0.234715], [-78.271393, 0.234753], [-78.271336, 0.234806], [-78.271334, 0.234809], [-78.271274, 0.234891], [-78.271231, 0.234943], [-78.271206, 0.23499], [-78.271166, 0.235067], [-78.271131, 0.235129], [-78.271119, 0.235155], [-78.27111, 0.23519], [-78.271104, 0.235221], [-78.271093, 0.235263], [-78.271073, 0.2353], [-78.271024, 0.235367], [-78.270977, 0.23541], [-78.270942, 0.235458], [-78.270927, 0.235513], [-78.270916, 0.235524], [-78.270873, 0.235564], [-78.270773, 0.235598], [-78.270952, 0.235268], [-78.271017, 0.235083], [-78.271087, 0.2349], [-78.271218, 0.234621], [-78.271189, 0.234596], [-78.271175, 0.234583], [-78.271044, 0.234469]]]], "type": "MultiPolygon"}}, {"type": "Feature", "properties": {"sc": "43", "num_muestra": 43, "codigo_muestra": "43", "tipologia": "H", "etiqueta": "43|H", "etiquetaSC": "43|H", "parroquia": "SAN LUIS", "circunscripcion": "CIRCUNSCRIPCION URBANA", "canton": "OTAVALO", "sec_anm": "100450011001", "pob_t": 665.0, "v_pres": 169.0, "dens_pob": 3380.78, "bbox": [[-78.281423, 0.222367], [-78.269518, 0.227436]], "centroid": [-78.277809, 0.224901]}, "geometry": {"coordinates": [[[[-78.269687, 0.227084], [-78.270023, 0.226161], [-78.269518, 0.22598], [-78.269915, 0.224874], [-78.270097, 0.224927], [-78.270207, 0.22496], [-78.270435, 0.225028], [-78.270439, 0.225028], [-78.270444, 0.225029], [-78.270819, 0.225085], [-78.270978, 0.225119], [-78.271042, 0.225142], [-78.271042, 0.225142], [-78.271042, 0.225142], [-78.271063, 0.225149], [-78.271143, 0.225177], [-78.271363, 0.225254], [-78.271425, 0.225273], [-78.271681, 0.22535], [-78.271845, 0.225387], [-78.271934, 0.225406], [-78.271962, 0.225413], [-78.272015, 0.22543], [-78.272062, 0.225442], [-78.272111, 0.225445], [-78.27216, 0.225446], [-78.272193, 0.225442], [-78.272447, 0.226002], [-78.272455, 0.226016], [-78.272469, 0.226032], [-78.272501, 0.226037], [-78.272537, 0.226038], [-78.272586, 0.226031], [-78.272846, 0.225958], [-78.272858, 0.225955], [-78.272912, 0.22594], [-78.272994, 0.225917], [-78.27309, 0.225903], [-78.273172, 0.225903], [-78.273257, 0.225903], [-78.273343, 0.225904], [-78.273584, 0.225904], [-78.273685, 0.225877], [-78.273736, 0.225863], [-78.273871, 0.225827], [-78.274098, 0.225783], [-78.274132, 0.225777], [-78.274182, 0.225767], [-78.274504, 0.225704], [-78.274569, 0.225691], [-78.274648, 0.225659], [-78.274772, 0.225605], [-78.274929, 0.225537], [-78.275058, 0.225474], [-78.27527, 0.225372], [-78.275559, 0.225203], [-78.2757, 0.225162], [-78.275914, 0.225089], [-78.276103, 0.225014], [-78.276303, 0.224939], [-78.27642, 0.224905], [-78.276453, 0.224898], [-78.276516, 0.224869], [-78.277198, 0.224537], [-78.27789, 0.224115], [-78.278028, 0.224], [-78.27811, 0.223914], [-78.278227, 0.223786], [-78.278283, 0.223722], [-78.278318, 0.223681], [-78.278398, 0.223564], [-78.278428, 0.223525], [-78.278488, 0.223447], [-78.278556, 0.22338], [-78.27862, 0.223325], [-78.278639, 0.223315], [-78.278652, 0.223306], [-78.278666, 0.223298], [-78.278715, 0.223277], [-78.278771, 0.22326], [-78.278822, 0.223245], [-78.278909, 0.223222], [-78.279001, 0.223197], [-78.279083, 0.223175], [-78.27917, 0.223148], [-78.279246, 0.223121], [-78.279336, 0.223084], [-78.279404, 0.223056], [-78.279459, 0.223034], [-78.279567, 0.222983], [-78.27968, 0.222935], [-78.279771, 0.222909], [-78.279859, 0.22289], [-78.279941, 0.22288], [-78.280017, 0.222868], [-78.280072, 0.222862], [-78.280136, 0.222846], [-78.280183, 0.222831], [-78.280247, 0.222796], [-78.28038, 0.22273], [-78.28056, 0.222634], [-78.280771, 0.222521], [-78.280803, 0.222498], [-78.280837, 0.222471], [-78.280883, 0.222433], [-78.280938, 0.222385], [-78.280957, 0.222367], [-78.280972, 0.222391], [-78.281209, 0.222777], [-78.281341, 0.222991], [-78.281423, 0.223124], [-78.281248, 0.223263], [-78.281238, 0.223271], [-78.28123, 0.223277], [-78.280387, 0.223945], [-78.279548, 0.224611], [-78.279513, 0.224639], [-78.279468, 0.224674], [-78.279193, 0.224892], [-78.278511, 0.225433], [-78.278493, 0.225448], [-78.278462, 0.225455], [-78.278168, 0.225522], [-78.277107, 0.225765], [-78.276933, 0.225805], [-78.276925, 0.225806], [-78.276915, 0.225809], [-78.2769, 0.225812], [-78.276864, 0.225828], [-78.276642, 0.22593], [-78.276434, 0.226025], [-78.275359, 0.226516], [-78.274591, 0.226634], [-78.274448, 0.226656], [-78.274187, 0.226696], [-78.273771, 0.22676], [-78.273745, 0.226764], [-78.273716, 0.226731], [-78.273693, 0.226705], [-78.273679, 0.226694], [-78.273658, 0.226686], [-78.273523, 0.22668], [-78.273224, 0.226691], [-78.273192, 0.226692], [-78.272968, 0.226715], [-78.272883, 0.226712], [-78.27286, 0.226711], [-78.272809, 0.226707], [-78.272806, 0.226707], [-78.272758, 0.226708], [-78.272635, 0.226753], [-78.272562, 0.226792], [-78.272298, 0.22693], [-78.272012, 0.227043], [-78.271962, 0.226992], [-78.271888, 0.226951], [-78.271835, 0.226937], [-78.271782, 0.22693], [-78.271725, 0.226933], [-78.271675, 0.226948], [-78.271615, 0.226975], [-78.271442, 0.227087], [-78.271262, 0.227234], [-78.271099, 0.227367], [-78.271062, 0.22739], [-78.271035, 0.227407], [-78.270982, 0.227429], [-78.270971, 0.227434], [-78.270955, 0.227436], [-78.270951, 0.227435], [-78.269687, 0.227084]]]], "type": "MultiPolygon"}}, {"type": "Feature", "properties": {"sc": "44", "num_muestra": 44, "codigo_muestra": "44", "tipologia": "A", "etiqueta": "44|A", "etiquetaSC": "44|A", "parroquia": "SAN LUIS", "circunscripcion": "CIRCUNSCRIPCION URBANA", "canton": "OTAVALO", "sec_anm": "100450011007", "pob_t": 362.0, "v_pres": 113.0, "dens_pob": 7418.03, "bbox": [[-78.272823, 0.222043], [-78.269607, 0.224697]], "centroid": [-78.270677, 0.223453]}, "geometry": {"coordinates": [[[[-78.270722, 0.222081], [-78.270786, 0.222086], [-78.271123, 0.222128], [-78.271412, 0.222159], [-78.27153, 0.222172], [-78.271863, 0.222206], [-78.272094, 0.222272], [-78.272102, 0.222275], [-78.272137, 0.222285], [-78.272468, 0.222451], [-78.272823, 0.222646], [-78.272815, 0.222648], [-78.272748, 0.222659], [-78.272568, 0.222761], [-78.272346, 0.222886], [-78.272115, 0.222994], [-78.271898, 0.222955], [-78.271864, 0.222981], [-78.271816, 0.223055], [-78.271448, 0.223624], [-78.271333, 0.223803], [-78.271227, 0.223974], [-78.271224, 0.223979], [-78.2711, 0.224181], [-78.271047, 0.224275], [-78.271027, 0.224307], [-78.27102, 0.224346], [-78.271029, 0.224379], [-78.271054, 0.224429], [-78.271064, 0.224442], [-78.2711, 0.22449], [-78.271173, 0.224533], [-78.271185, 0.22454], [-78.271192, 0.224542], [-78.271239, 0.224557], [-78.271282, 0.224574], [-78.27129, 0.224577], [-78.271324, 0.224603], [-78.271355, 0.224643], [-78.271361, 0.224672], [-78.271358, 0.22469], [-78.271357, 0.224697], [-78.271353, 0.224695], [-78.271329, 0.224678], [-78.271319, 0.224668], [-78.271311, 0.22466], [-78.271305, 0.224655], [-78.271299, 0.224651], [-78.271291, 0.224643], [-78.271282, 0.224634], [-78.27127, 0.224625], [-78.271262, 0.224618], [-78.271252, 0.224612], [-78.271242, 0.224605], [-78.271216, 0.224591], [-78.271187, 0.224573], [-78.271176, 0.224567], [-78.271163, 0.22456], [-78.27114, 0.224551], [-78.271122, 0.224545], [-78.271102, 0.224536], [-78.271084, 0.224527], [-78.271072, 0.224522], [-78.271064, 0.224519], [-78.271044, 0.224509], [-78.271022, 0.224497], [-78.271007, 0.224491], [-78.270995, 0.224486], [-78.27099, 0.224483], [-78.270986, 0.224481], [-78.270972, 0.224475], [-78.270962, 0.224471], [-78.270953, 0.224466], [-78.270947, 0.224463], [-78.270929, 0.22445], [-78.270914, 0.224441], [-78.270904, 0.224433], [-78.270895, 0.224426], [-78.270884, 0.224419], [-78.270874, 0.224413], [-78.270865, 0.224404], [-78.270856, 0.224397], [-78.270837, 0.224384], [-78.270826, 0.224376], [-78.27078, 0.224332], [-78.270745, 0.224301], [-78.270704, 0.224256], [-78.270672, 0.224228], [-78.27066, 0.224218], [-78.270641, 0.224201], [-78.270617, 0.224172], [-78.270599, 0.22415], [-78.270581, 0.224124], [-78.270555, 0.224075], [-78.270531, 0.224022], [-78.270505, 0.223975], [-78.270484, 0.223942], [-78.270469, 0.223922], [-78.270455, 0.223903], [-78.270434, 0.223887], [-78.27042, 0.22388], [-78.2704, 0.223873], [-78.270381, 0.223871], [-78.270362, 0.223873], [-78.270337, 0.223878], [-78.27031, 0.223888], [-78.270282, 0.223902], [-78.27026, 0.223916], [-78.270243, 0.223934], [-78.27023, 0.223956], [-78.270218, 0.223988], [-78.270197, 0.224067], [-78.270187, 0.2241], [-78.270172, 0.224139], [-78.270158, 0.224167], [-78.270139, 0.224196], [-78.270117, 0.224219], [-78.270094, 0.224232], [-78.270073, 0.224238], [-78.270052, 0.224237], [-78.270048, 0.224236], [-78.270022, 0.22423], [-78.269999, 0.224213], [-78.269974, 0.224192], [-78.269935, 0.224143], [-78.269919, 0.22412], [-78.269901, 0.224099], [-78.269878, 0.224061], [-78.269832, 0.224033], [-78.269607, 0.223978], [-78.269619, 0.223946], [-78.269856, 0.223282], [-78.269986, 0.222918], [-78.270156, 0.222442], [-78.270171, 0.222402], [-78.270299, 0.222043], [-78.270345, 0.222047], [-78.270722, 0.222081]]]], "type": "MultiPolygon"}}, {"type": "Feature", "properties": {"sc": "45", "num_muestra": 45, "codigo_muestra": "45", "tipologia": "F", "etiqueta": "45|F", "etiquetaSC": "45|F", "parroquia": "SAN LUIS", "circunscripcion": "CIRCUNSCRIPCION URBANA", "canton": "OTAVALO", "sec_anm": "100450010007", "pob_t": 285.0, "v_pres": 87.0, "dens_pob": 10070.67, "bbox": [[-78.266533, 0.222285], [-78.264196, 0.224292]], "centroid": [-78.265281, 0.223371]}, "geometry": {"coordinates": [[[[-78.264662, 0.222509], [-78.265341, 0.222984], [-78.265808, 0.222285], [-78.266533, 0.222823], [-78.266533, 0.222823], [-78.266059, 0.223529], [-78.265569, 0.224292], [-78.264854, 0.223728], [-78.264829, 0.223708], [-78.264196, 0.223214], [-78.264546, 0.222685], [-78.264662, 0.222509]]]], "type": "MultiPolygon"}}, {"type": "Feature", "properties": {"sc": "46", "num_muestra": 46, "codigo_muestra": "46", "tipologia": "C", "etiqueta": "46|C", "etiquetaSC": "46|C", "parroquia": "SAN LUIS", "circunscripcion": "CIRCUNSCRIPCION URBANA", "canton": "OTAVALO", "sec_anm": "100450011006", "pob_t": 310.0, "v_pres": 92.0, "dens_pob": 14220.18, "bbox": [[-78.269473, 0.222257], [-78.267476, 0.224063]], "centroid": [-78.268502, 0.223188]}, "geometry": {"coordinates": [[[[-78.267476, 0.223392], [-78.267501, 0.223351], [-78.267531, 0.223291], [-78.267531, 0.223291], [-78.267743, 0.222861], [-78.268041, 0.223001], [-78.268424, 0.222257], [-78.268796, 0.222372], [-78.268643, 0.222666], [-78.268814, 0.222752], [-78.269074, 0.222884], [-78.269473, 0.223085], [-78.269051, 0.223946], [-78.269051, 0.223947], [-78.269006, 0.224037], [-78.268996, 0.224063], [-78.268916, 0.224049], [-78.268859, 0.224017], [-78.26881, 0.223982], [-78.268741, 0.223933], [-78.268715, 0.223913], [-78.268638, 0.223855], [-78.268596, 0.223832], [-78.268542, 0.223801], [-78.268458, 0.223754], [-78.268388, 0.223709], [-78.268303, 0.223664], [-78.268212, 0.223617], [-78.268157, 0.223589], [-78.268111, 0.223576], [-78.268076, 0.223566], [-78.268035, 0.223558], [-78.268004, 0.223565], [-78.26796, 0.22358], [-78.267924, 0.223618], [-78.267905, 0.22362], [-78.267877, 0.223614], [-78.267842, 0.223608], [-78.267807, 0.223604], [-78.267783, 0.223604], [-78.267771, 0.223606], [-78.267749, 0.223613], [-78.267733, 0.223618], [-78.267707, 0.223624], [-78.267681, 0.223587], [-78.267651, 0.223557], [-78.267619, 0.223525], [-78.267569, 0.223482], [-78.267512, 0.223429], [-78.26748, 0.223396], [-78.267476, 0.223392]]]], "type": "MultiPolygon"}}, {"type": "Feature", "properties": {"sc": "47", "num_muestra": 47, "codigo_muestra": "47", "tipologia": "E", "etiqueta": "47|E", "etiquetaSC": "47|E", "parroquia": "SAN LUIS", "circunscripcion": "CIRCUNSCRIPCION URBANA", "canton": "OTAVALO", "sec_anm": "100450010011", "pob_t": 437.0, "v_pres": 134.0, "dens_pob": 8229.76, "bbox": [[-78.266052, 0.218823], [-78.263288, 0.221973]], "centroid": [-78.264883, 0.220425]}, "geometry": {"coordinates": [[[[-78.263961, 0.219002], [-78.264097, 0.219108], [-78.264155, 0.219152], [-78.264521, 0.219537], [-78.264545, 0.219559], [-78.264624, 0.219625], [-78.264704, 0.21969], [-78.264785, 0.21975], [-78.264869, 0.219809], [-78.26495, 0.219862], [-78.265041, 0.219918], [-78.265126, 0.219966], [-78.265193, 0.220001], [-78.265251, 0.220031], [-78.265308, 0.220058], [-78.265405, 0.220102], [-78.265468, 0.220128], [-78.265526, 0.220151], [-78.265627, 0.220188], [-78.265658, 0.220198], [-78.265755, 0.220229], [-78.265854, 0.220256], [-78.265958, 0.220282], [-78.266052, 0.220302], [-78.266037, 0.220345], [-78.26603, 0.220358], [-78.265898, 0.220599], [-78.26559, 0.2211], [-78.265143, 0.221802], [-78.265131, 0.221793], [-78.264418, 0.221263], [-78.26395, 0.221973], [-78.263596, 0.22171], [-78.263363, 0.221536], [-78.263288, 0.221424], [-78.263738, 0.220754], [-78.263884, 0.220493], [-78.263505, 0.220261], [-78.263722, 0.219839], [-78.26373, 0.219805], [-78.263734, 0.219736], [-78.263735, 0.219613], [-78.26373, 0.219584], [-78.263721, 0.219543], [-78.263711, 0.219509], [-78.263687, 0.219462], [-78.263633, 0.219333], [-78.263605, 0.219269], [-78.263477, 0.219019], [-78.263466, 0.218981], [-78.263466, 0.218952], [-78.263462, 0.218924], [-78.263467, 0.218895], [-78.263472, 0.218868], [-78.263486, 0.218854], [-78.2635, 0.218845], [-78.263532, 0.218831], [-78.263544, 0.218827], [-78.263562, 0.218823], [-78.263574, 0.218823], [-78.263586, 0.218823], [-78.263604, 0.218827], [-78.263616, 0.218831], [-78.263627, 0.218837], [-78.2637, 0.218881], [-78.263804, 0.218938], [-78.263853, 0.218959], [-78.263961, 0.219002]]]], "type": "MultiPolygon"}}, {"type": "Feature", "properties": {"sc": "48", "num_muestra": 48, "codigo_muestra": "48", "tipologia": "B", "etiqueta": "48|B", "etiquetaSC": "48|B", "parroquia": "SAN LUIS", "circunscripcion": "CIRCUNSCRIPCION URBANA", "canton": "OTAVALO", "sec_anm": "100450012007", "pob_t": 566.0, "v_pres": 164.0, "dens_pob": 3791.02, "bbox": [[-78.271001, 0.215865], [-78.265497, 0.220813]], "centroid": [-78.269562, 0.21834]}, "geometry": {"coordinates": [[[[-78.266872, 0.218697], [-78.267059, 0.21837], [-78.266282, 0.217949], [-78.266278, 0.217947], [-78.266443, 0.217647], [-78.26661, 0.217343], [-78.266813, 0.216975], [-78.266635, 0.216926], [-78.266305, 0.216828], [-78.26603, 0.216733], [-78.26602, 0.216729], [-78.265945, 0.216701], [-78.265751, 0.216633], [-78.265742, 0.21663], [-78.265497, 0.216549], [-78.265529, 0.216461], [-78.265777, 0.215865], [-78.266212, 0.215953], [-78.266532, 0.216017], [-78.266568, 0.216025], [-78.266844, 0.216078], [-78.266862, 0.216082], [-78.267211, 0.216149], [-78.267744, 0.216253], [-78.26776, 0.216256], [-78.26865, 0.216468], [-78.26865, 0.216728], [-78.26865, 0.216733], [-78.26865, 0.216805], [-78.268636, 0.217226], [-78.268601, 0.217531], [-78.268569, 0.217655], [-78.268498, 0.217915], [-78.268444, 0.218074], [-78.268362, 0.218269], [-78.268346, 0.218339], [-78.268402, 0.218342], [-78.26854, 0.218345], [-78.268687, 0.21831], [-78.268738, 0.218295], [-78.269144, 0.2181], [-78.269179, 0.218062], [-78.269509, 0.217699], [-78.269721, 0.217455], [-78.26988, 0.217273], [-78.269943, 0.217206], [-78.269965, 0.217186], [-78.269989, 0.217168], [-78.270018, 0.217161], [-78.270044, 0.21716], [-78.270085, 0.217172], [-78.270159, 0.217221], [-78.270696, 0.217589], [-78.270716, 0.217606], [-78.270981, 0.217831], [-78.270993, 0.217842], [-78.271001, 0.217867], [-78.271001, 0.217908], [-78.270995, 0.217937], [-78.270969, 0.217962], [-78.270941, 0.217972], [-78.270904, 0.217985], [-78.270893, 0.218013], [-78.270898, 0.218064], [-78.270867, 0.21806], [-78.270821, 0.218059], [-78.270777, 0.21806], [-78.270741, 0.218081], [-78.270713, 0.21811], [-78.270643, 0.21821], [-78.270561, 0.218347], [-78.270481, 0.218481], [-78.270408, 0.21859], [-78.270339, 0.218714], [-78.270225, 0.218933], [-78.270081, 0.219175], [-78.269961, 0.21939], [-78.269959, 0.219402], [-78.269963, 0.219417], [-78.270778, 0.219857], [-78.270794, 0.219865], [-78.270794, 0.219865], [-78.270806, 0.219891], [-78.270883, 0.21995], [-78.270439, 0.220571], [-78.270341, 0.220712], [-78.270248, 0.220813], [-78.270231, 0.220787], [-78.270207, 0.220756], [-78.270172, 0.220717], [-78.270145, 0.220686], [-78.270123, 0.22066], [-78.270087, 0.220625], [-78.270048, 0.220594], [-78.270004, 0.220559], [-78.269967, 0.220529], [-78.269921, 0.220498], [-78.269849, 0.220463], [-78.269813, 0.220445], [-78.269777, 0.220429], [-78.269741, 0.220414], [-78.269703, 0.2204], [-78.269664, 0.220388], [-78.269608, 0.220372], [-78.26957, 0.220364], [-78.269531, 0.220356], [-78.26938, 0.220341], [-78.269237, 0.220343], [-78.269141, 0.220299], [-78.268731, 0.220126], [-78.268224, 0.219959], [-78.26744, 0.219682], [-78.267498, 0.219587], [-78.267691, 0.219282], [-78.267755, 0.219192], [-78.266872, 0.218697]]]], "type": "MultiPolygon"}}, {"type": "Feature", "properties": {"sc": "49", "num_muestra": 49, "codigo_muestra": "49", "tipologia": "C", "etiqueta": "49|C", "etiquetaSC": "49|C", "parroquia": "SAN LUIS", "circunscripcion": "CIRCUNSCRIPCION URBANA", "canton": "OTAVALO", "sec_anm": "100450012010", "pob_t": 377.0, "v_pres": 104.0, "dens_pob": 2847.43, "bbox": [[-78.278156, 0.214041], [-78.274078, 0.219354]], "centroid": [-78.276263, 0.216729]}, "geometry": {"coordinates": [[[[-78.274802, 0.218469], [-78.274818, 0.218466], [-78.274819, 0.218466], [-78.27483, 0.218465], [-78.274846, 0.218462], [-78.274846, 0.218462], [-78.274852, 0.218462], [-78.274865, 0.218463], [-78.274877, 0.218463], [-78.274884, 0.218464], [-78.274894, 0.218464], [-78.274909, 0.218465], [-78.27493, 0.218466], [-78.274939, 0.218467], [-78.274962, 0.218466], [-78.274982, 0.218465], [-78.274997, 0.21846], [-78.275003, 0.218459], [-78.275016, 0.218454], [-78.275033, 0.218449], [-78.275047, 0.218443], [-78.275063, 0.218437], [-78.275077, 0.218432], [-78.275095, 0.218425], [-78.275105, 0.21842], [-78.275112, 0.218416], [-78.275139, 0.218401], [-78.275152, 0.218395], [-78.27517, 0.218386], [-78.275185, 0.218377], [-78.275212, 0.218358], [-78.275234, 0.218346], [-78.27525, 0.218337], [-78.275262, 0.21833], [-78.275275, 0.218325], [-78.275289, 0.218318], [-78.275314, 0.218307], [-78.275331, 0.218297], [-78.275337, 0.218294], [-78.275341, 0.218291], [-78.275351, 0.218285], [-78.275366, 0.218276], [-78.275374, 0.21827], [-78.275384, 0.218262], [-78.275396, 0.218253], [-78.27541, 0.218243], [-78.27543, 0.218231], [-78.275435, 0.218229], [-78.275448, 0.218222], [-78.27542, 0.218199], [-78.275408, 0.218188], [-78.275408, 0.218188], [-78.275391, 0.218171], [-78.275303, 0.218101], [-78.275147, 0.217978], [-78.275119, 0.217955], [-78.275117, 0.217954], [-78.275064, 0.217912], [-78.275042, 0.217895], [-78.274627, 0.217565], [-78.274618, 0.217558], [-78.274495, 0.217461], [-78.274492, 0.217458], [-78.274078, 0.217134], [-78.274248, 0.216965], [-78.274373, 0.216824], [-78.274523, 0.216635], [-78.274788, 0.216234], [-78.274835, 0.216128], [-78.274821, 0.215868], [-78.274937, 0.215641], [-78.275381, 0.215998], [-78.275393, 0.216007], [-78.275612, 0.216213], [-78.27571, 0.216158], [-78.275856, 0.216058], [-78.275901, 0.216016], [-78.275966, 0.215976], [-78.276181, 0.215861], [-78.276426, 0.215761], [-78.276823, 0.215605], [-78.276857, 0.215611], [-78.276779, 0.215451], [-78.276597, 0.215096], [-78.276578, 0.215066], [-78.276576, 0.215063], [-78.276501, 0.214941], [-78.276455, 0.214875], [-78.276422, 0.214829], [-78.27637, 0.214764], [-78.276329, 0.214721], [-78.276234, 0.214637], [-78.276442, 0.21473], [-78.276585, 0.214767], [-78.276652, 0.214767], [-78.276743, 0.214735], [-78.276826, 0.214695], [-78.276908, 0.214647], [-78.276971, 0.214593], [-78.277015, 0.214539], [-78.277265, 0.214089], [-78.277314, 0.214051], [-78.277345, 0.214041], [-78.277386, 0.214045], [-78.277428, 0.214063], [-78.277472, 0.214095], [-78.277497, 0.214135], [-78.277523, 0.214205], [-78.277569, 0.214353], [-78.277591, 0.214402], [-78.277651, 0.214601], [-78.277668, 0.214656], [-78.277769, 0.214988], [-78.277788, 0.21505], [-78.27781, 0.215118], [-78.277831, 0.215216], [-78.277954, 0.215725], [-78.277977, 0.215821], [-78.278007, 0.215945], [-78.278039, 0.216063], [-78.278065, 0.216147], [-78.278074, 0.216172], [-78.278089, 0.216217], [-78.278116, 0.216295], [-78.278129, 0.216332], [-78.278134, 0.216362], [-78.278156, 0.216482], [-78.277878, 0.217359], [-78.277729, 0.217832], [-78.277655, 0.218063], [-78.277617, 0.218185], [-78.277611, 0.218204], [-78.27761, 0.218205], [-78.277601, 0.218263], [-78.277592, 0.218321], [-78.277592, 0.218322], [-78.27759, 0.218325], [-78.27759, 0.218326], [-78.277589, 0.218327], [-78.277589, 0.218328], [-78.277588, 0.218328], [-78.277588, 0.21833], [-78.277583, 0.218338], [-78.277583, 0.218339], [-78.277583, 0.218339], [-78.277581, 0.218344], [-78.27758, 0.218344], [-78.27758, 0.218344], [-78.277572, 0.218352], [-78.277519, 0.218366], [-78.277311, 0.218396], [-78.277119, 0.21841], [-78.277076, 0.218406], [-78.277058, 0.218405], [-78.277053, 0.218405], [-78.277051, 0.218405], [-78.277051, 0.218405], [-78.277051, 0.218405], [-78.276946, 0.218381], [-78.276684, 0.218402], [-78.276544, 0.218456], [-78.276124, 0.218685], [-78.27515, 0.219285], [-78.27504, 0.219354], [-78.274658, 0.218818], [-78.274657, 0.218816], [-78.274656, 0.218814], [-78.274596, 0.218742], [-78.274546, 0.218687], [-78.274555, 0.218672], [-78.274557, 0.218668], [-78.274562, 0.21866], [-78.274565, 0.218654], [-78.274582, 0.218629], [-78.274589, 0.218618], [-78.274595, 0.218607], [-78.274597, 0.218605], [-78.274604, 0.218596], [-78.274614, 0.218584], [-78.274615, 0.218583], [-78.274625, 0.218574], [-78.274635, 0.218565], [-78.274652, 0.218552], [-78.274664, 0.218544], [-78.27467, 0.218539], [-78.274678, 0.218532], [-78.274699, 0.218514], [-78.274728, 0.218496], [-78.274737, 0.218491], [-78.274748, 0.218485], [-78.274761, 0.218482], [-78.274783, 0.218474], [-78.274786, 0.218473], [-78.274802, 0.218469]]]], "type": "MultiPolygon"}}, {"type": "Feature", "properties": {"sc": "50", "num_muestra": 50, "codigo_muestra": "50", "tipologia": "A", "etiqueta": "50|A", "etiquetaSC": "50|A", "parroquia": "SAN LUIS", "circunscripcion": "CIRCUNSCRIPCION URBANA", "canton": "OTAVALO", "sec_anm": "100450012005", "pob_t": 367.0, "v_pres": 92.0, "dens_pob": 1243.65, "bbox": [[-78.274283, 0.201519], [-78.268051, 0.216044]], "centroid": [-78.269724, 0.208882]}, "geometry": {"coordinates": [[[[-78.268519, 0.215763], [-78.268512, 0.215693], [-78.268477, 0.215372], [-78.268431, 0.21507], [-78.268373, 0.214811], [-78.2683, 0.214553], [-78.268242, 0.214347], [-78.268155, 0.213986], [-78.268112, 0.213597], [-78.268072, 0.213198], [-78.268051, 0.212848], [-78.268052, 0.212608], [-78.268074, 0.212169], [-78.268088, 0.211887], [-78.268118, 0.211655], [-78.268179, 0.211209], [-78.268296, 0.210279], [-78.268559, 0.209741], [-78.268742, 0.209363], [-78.268891, 0.208992], [-78.268972, 0.208771], [-78.269037, 0.208582], [-78.269163, 0.208249], [-78.269231, 0.208105], [-78.269301, 0.207938], [-78.2694, 0.207722], [-78.26962, 0.20727], [-78.269749, 0.207003], [-78.269809, 0.206839], [-78.269915, 0.206553], [-78.270101, 0.206138], [-78.270205, 0.205879], [-78.27029, 0.205673], [-78.270406, 0.205405], [-78.270473, 0.205189], [-78.270528, 0.205017], [-78.27057, 0.204947], [-78.270777, 0.204606], [-78.271002, 0.20421], [-78.271275, 0.203753], [-78.271442, 0.203456], [-78.271644, 0.203111], [-78.27175, 0.202854], [-78.271773, 0.20276], [-78.271773, 0.20276], [-78.271874, 0.202457], [-78.271968, 0.202145], [-78.271984, 0.202095], [-78.271993, 0.202068], [-78.271996, 0.202061], [-78.272021, 0.201984], [-78.272076, 0.201816], [-78.272106, 0.201754], [-78.272124, 0.201717], [-78.272136, 0.201691], [-78.272169, 0.201641], [-78.272169, 0.201641], [-78.272214, 0.201574], [-78.272214, 0.201574], [-78.272228, 0.201553], [-78.272251, 0.201519], [-78.272441, 0.20165], [-78.272551, 0.201725], [-78.272551, 0.201725], [-78.272617, 0.201771], [-78.272817, 0.201908], [-78.27293, 0.201741], [-78.273488, 0.202132], [-78.273581, 0.202197], [-78.273601, 0.20221], [-78.273895, 0.202394], [-78.274283, 0.202547], [-78.274062, 0.202932], [-78.273823, 0.203288], [-78.273405, 0.203796], [-78.273394, 0.203824], [-78.272996, 0.204819], [-78.272392, 0.206328], [-78.272346, 0.206443], [-78.272293, 0.206573], [-78.27211, 0.207031], [-78.272068, 0.207135], [-78.272036, 0.207216], [-78.271983, 0.207349], [-78.271908, 0.207536], [-78.271812, 0.207776], [-78.271651, 0.208177], [-78.27115, 0.207858], [-78.271125, 0.207842], [-78.271112, 0.207865], [-78.269768, 0.210155], [-78.269728, 0.210224], [-78.269715, 0.210246], [-78.269702, 0.21027], [-78.268795, 0.212045], [-78.268787, 0.212061], [-78.268831, 0.212095], [-78.269195, 0.212373], [-78.269243, 0.21241], [-78.269295, 0.21245], [-78.26959, 0.212675], [-78.269948, 0.212949], [-78.269949, 0.212949], [-78.269952, 0.212952], [-78.269989, 0.21298], [-78.27, 0.212989], [-78.270004, 0.212991], [-78.269921, 0.21304], [-78.269903, 0.213068], [-78.26989, 0.213098], [-78.26988, 0.21313], [-78.269876, 0.213163], [-78.269873, 0.213175], [-78.269868, 0.213186], [-78.269861, 0.213196], [-78.269853, 0.213205], [-78.269844, 0.213212], [-78.269833, 0.213218], [-78.269822, 0.213222], [-78.26981, 0.213225], [-78.269798, 0.213225], [-78.26977, 0.21322], [-78.269716, 0.213211], [-78.269633, 0.213201], [-78.26955, 0.213196], [-78.269467, 0.213196], [-78.269452, 0.213196], [-78.269437, 0.213199], [-78.269422, 0.213205], [-78.269409, 0.213213], [-78.269398, 0.213223], [-78.269388, 0.213235], [-78.26938, 0.213249], [-78.269375, 0.213263], [-78.269373, 0.213278], [-78.269373, 0.213294], [-78.269376, 0.213309], [-78.269381, 0.213324], [-78.269364, 0.213495], [-78.269342, 0.213666], [-78.269317, 0.213837], [-78.269287, 0.214007], [-78.26928, 0.214151], [-78.269279, 0.214257], [-78.269278, 0.214295], [-78.26928, 0.214439], [-78.269287, 0.214583], [-78.269302, 0.214758], [-78.269315, 0.214933], [-78.269315, 0.214984], [-78.26932, 0.215034], [-78.269332, 0.215083], [-78.269349, 0.215131], [-78.269373, 0.215176], [-78.269401, 0.215245], [-78.269423, 0.215317], [-78.269438, 0.215391], [-78.269446, 0.215466], [-78.269448, 0.215541], [-78.269442, 0.215616], [-78.26942, 0.215642], [-78.269394, 0.215664], [-78.269365, 0.215682], [-78.269333, 0.215695], [-78.2693, 0.215703], [-78.269267, 0.215706], [-78.269233, 0.215703], [-78.269189, 0.215695], [-78.26921, 0.216044], [-78.268544, 0.215952], [-78.268543, 0.215952], [-78.268536, 0.215907], [-78.268527, 0.215836], [-78.268519, 0.215763]]]], "type": "MultiPolygon"}}]}